frame,ep_length,done,term_reason,root_z,root_ref_z,root_z_err,root_roll,root_pitch,root_yaw,root_ref_roll,root_ref_pitch,root_ref_yaw,root_lin_err,root_ang_err,q_ref_L_HipRoll_Joint,q_ref_L_HipPitch_Joint,q_ref_L_HipYaw_Joint,q_ref_L_Knee_Joint,q_ref_L_AnklePitch_Joint,q_ref_L_AnkleRoll_Joint,q_ref_R_HipRoll_Joint,q_ref_R_HipPitch_Joint,q_ref_R_HipYaw_Joint,q_ref_R_Knee_Joint,q_ref_R_AnklePitch_Joint,q_ref_R_AnkleRoll_Joint,q_ref_WaistYaw_Joint,q_cur_L_HipRoll_Joint,q_cur_L_HipPitch_Joint,q_cur_L_HipYaw_Joint,q_cur_L_Knee_Joint,q_cur_L_AnklePitch_Joint,q_cur_L_AnkleRoll_Joint,q_cur_R_HipRoll_Joint,q_cur_R_HipPitch_Joint,q_cur_R_HipYaw_Joint,q_cur_R_Knee_Joint,q_cur_R_AnklePitch_Joint,q_cur_R_AnkleRoll_Joint,q_cur_WaistYaw_Joint,q_err_L_HipRoll_Joint,q_err_L_HipPitch_Joint,q_err_L_HipYaw_Joint,q_err_L_Knee_Joint,q_err_L_AnklePitch_Joint,q_err_L_AnkleRoll_Joint,q_err_R_HipRoll_Joint,q_err_R_HipPitch_Joint,q_err_R_HipYaw_Joint,q_err_R_Knee_Joint,q_err_R_AnklePitch_Joint,q_err_R_AnkleRoll_Joint,q_err_WaistYaw_Joint,torque_L_HipRoll_Joint,torque_L_HipPitch_Joint,torque_L_HipYaw_Joint,torque_L_Knee_Joint,torque_L_AnklePitch_Joint,torque_L_AnkleRoll_Joint,torque_R_HipRoll_Joint,torque_R_HipPitch_Joint,torque_R_HipYaw_Joint,torque_R_Knee_Joint,torque_R_AnklePitch_Joint,torque_R_AnkleRoll_Joint,torque_WaistYaw_Joint,action_L_HipRoll_Joint,action_L_HipPitch_Joint,action_L_HipYaw_Joint,action_L_Knee_Joint,action_L_AnklePitch_Joint,action_L_AnkleRoll_Joint,action_R_HipRoll_Joint,action_R_HipPitch_Joint,action_R_HipYaw_Joint,action_R_Knee_Joint,action_R_AnklePitch_Joint,action_R_AnkleRoll_Joint,action_WaistYaw_Joint,keybody_err_L_Knee_Link,keybody_err_R_Knee_Link,keybody_err_L_Foot_Link,keybody_err_R_Foot_Link
0,1,0,,0.903241,0.890816,-0.012425,0.019229,0.035789,-1.598260,0.012912,0.038233,-1.577331,0.518143,1.027864,-0.024939,0.141872,0.051900,0.341293,-0.256166,0.006493,0.024443,-0.181739,-0.004590,-0.421540,0.296530,0.018255,-0.033032,-0.027330,0.145833,0.051625,0.355549,-0.208142,0.017689,0.020187,-0.180756,-0.013733,-0.423003,0.279451,0.023058,-0.025274,0.002391,-0.003961,0.000275,-0.014257,-0.048024,-0.011196,0.004256,-0.000982,0.009143,0.001463,0.017078,-0.004803,-0.007758,-28.632244,30.495781,11.165217,58.932156,29.933437,31.443949,36.401642,-70.652092,6.151038,-70.281075,10.900366,9.947155,9.021653,-0.058360,0.160871,0.133358,-0.088653,-0.234724,0.061008,0.018036,0.092135,0.043569,-0.001621,0.130298,,0.077576,,,,
1,1,0,,0.911219,0.890834,-0.020385,0.026631,0.038878,-1.613661,0.012873,0.038034,-1.576834,0.358888,0.836884,-0.024896,0.137973,0.052446,0.334679,-0.253192,0.006600,0.024642,-0.179001,-0.004066,-0.417469,0.294948,0.018417,-0.032960,-0.033186,0.164159,0.067848,0.380396,-0.182909,0.047570,0.020616,-0.198466,-0.005873,-0.454703,0.287152,0.026620,-0.020590,0.008290,-0.026185,-0.015402,-0.045718,-0.070284,-0.040971,0.004026,0.019465,0.001807,0.037234,0.007796,-0.008203,-0.012370,19.071154,16.383625,7.173647,8.771486,19.843475,24.406441,18.429321,-14.393575,-3.693736,-13.274510,4.687497,-2.516744,8.195717,-0.032963,0.099773,0.150685,-0.064300,-0.198919,0.021264,0.034344,0.066218,0.032895,-0.005244,0.138987,,0.092064,,,,
2,1,0,,0.915559,0.890827,-0.024731,0.031677,0.041877,-1.627132,0.012853,0.037827,-1.576345,0.202580,0.715367,-0.024960,0.135041,0.052939,0.330095,-0.251242,0.006734,0.024885,-0.176845,-0.003556,-0.414674,0.294034,0.018610,-0.032825,-0.034811,0.178940,0.084339,0.397278,-0.172866,0.072924,0.019253,-0.211574,-0.004389,-0.477783,0.287375,0.018431,-0.017602,0.009851,-0.043899,-0.031400,-0.067183,-0.078377,-0.066190,0.005632,0.034729,0.000833,0.063109,0.006659,0.000179,-0.015223,29.771133,43.718483,3.117553,-14.502847,-1.298152,12.901054,10.041847,-1.292419,-6.139912,-4.809384,-4.877292,-8.512836,7.710750,-0.016903,0.057710,0.136628,-0.055697,-0.184373,-0.016866,0.070926,0.005278,0.020995,-0.014362,0.102974,,0.102045,,,,
3,1,0,,0.915914,0.890773,-0.025142,0.035595,0.046819,-1.636172,0.012872,0.037603,-1.575869,0.169100,0.495086,-0.025237,0.134042,0.053324,0.329574,-0.251340,0.006927,0.025218,-0.175853,-0.003071,-0.414432,0.294456,0.018863,-0.032564,-0.032605,0.195199,0.094474,0.408734,-0.177401,0.083606,0.016860,-0.218369,-0.008913,-0.484106,0.276339,0.002060,-0.016067,0.007368,-0.061157,-0.041150,-0.079160,-0.073939,-0.076679,0.008358,0.042517,0.005842,0.069675,0.018117,0.016802,-0.016497,29.398457,44.345371,-0.713031,-6.693264,-7.213183,0.777987,-14.949324,7.704765,-3.157967,13.462963,-6.481968,-12.464152,8.031118,-0.006886,0.074652,0.095523,-0.040383,-0.116360,-0.052584,0.094645,-0.034857,0.000122,-0.018097,0.072307,,0.100576,,,,
4,1,0,,0.912372,0.890719,-0.021653,0.039333,0.051006,-1.642235,0.012971,0.037507,-1.575581,0.295959,0.409553,-0.025556,0.132770,0.053532,0.328198,-0.250978,0.007108,0.025601,-0.175543,-0.002771,-0.415114,0.295251,0.019109,-0.032399,-0.028675,0.211479,0.095524,0.420341,-0.184442,0.081969,0.013808,-0.217097,-0.018401,-0.475100,0.251556,-0.018312,-0.014894,0.003119,-0.078709,-0.041993,-0.092143,-0.066536,-0.074861,0.011793,0.041554,0.015630,0.059986,0.043695,0.037421,-0.017505,9.971405,17.521412,-1.722031,10.973171,-1.786565,-4.433131,-15.096693,17.767847,-1.909642,15.174717,-12.468233,-12.629968,7.498246,-0.013413,0.116950,0.066307,-0.014123,-0.071313,-0.078263,0.077616,-0.027388,-0.003688,-0.029722,0.012427,,0.092802,,,,
5,1,0,,0.905666,0.890666,-0.015000,0.043881,0.055699,-1.649034,0.013111,0.037475,-1.575389,0.374184,0.566522,-0.025897,0.131361,0.053651,0.326394,-0.250386,0.007285,0.026010,-0.175576,-0.002564,-0.416259,0.296233,0.019351,-0.032283,-0.025943,0.227362,0.089476,0.434692,-0.209260,0.075120,0.012044,-0.215093,-0.027774,-0.463271,0.242805,-0.036389,-0.013920,0.000046,-0.096000,-0.035825,-0.108298,-0.041126,-0.067835,0.013966,0.039517,0.025210,0.047012,0.053428,0.055740,-0.018362,6.899317,31.152153,-2.269873,3.504037,10.896866,3.196491,-22.169279,8.446318,-0.796044,-5.550138,-37.109024,-18.122316,6.674685,-0.014878,0.124965,0.072164,-0.026523,-0.088698,-0.103854,0.110859,-0.058790,-0.004684,-0.034206,0.006911,,0.078408,,,,
6,1,0,,0.898371,0.890643,-0.007728,0.045762,0.063986,-1.653379,0.013298,0.037610,-1.574778,0.402152,0.477829,-0.026259,0.129827,0.054165,0.323669,-0.249153,0.007408,0.026483,-0.175440,-0.001987,-0.416656,0.296808,0.019554,-0.032771,-0.022297,0.245910,0.080624,0.448785,-0.239242,0.057051,0.009407,-0.210743,-0.033223,-0.446065,0.280080,-0.047775,-0.013611,-0.003963,-0.116083,-0.026458,-0.125116,-0.009911,-0.049643,0.017075,0.035302,0.031236,0.029409,0.016729,0.067329,-0.019159,9.604210,33.821373,-6.785050,0.423064,0.711361,-16.195097,-46.759842,22.074787,5.401064,6.762232,-69.701378,-28.976669,7.775149,-0.006268,0.132209,-0.014253,0.003022,-0.039081,-0.132731,0.135394,-0.108139,-0.028666,-0.027997,-0.047118,,0.063110,,,,
7,1,0,,0.894325,0.890631,-0.003694,0.042691,0.070235,-1.652121,0.013468,0.037766,-1.573948,0.095777,0.372351,-0.026619,0.128583,0.054882,0.321359,-0.248045,0.007510,0.026951,-0.174977,-0.001211,-0.416384,0.297070,0.019740,-0.033431,-0.018662,0.260081,0.076181,0.458013,-0.259842,0.032014,0.005754,-0.206632,-0.031672,-0.430592,0.293185,-0.032329,-0.013502,-0.007957,-0.131498,-0.021299,-0.136654,0.011797,-0.024505,0.021197,0.031655,0.030461,0.014209,0.003885,0.052070,-0.019929,8.913932,18.435732,-11.348794,0.027577,-3.471503,-14.351375,-47.401817,27.177090,-6.001511,7.155208,-62.461658,-37.875084,7.746913,-0.004914,0.126123,-0.037625,0.005033,-0.042694,-0.124270,0.121690,-0.120203,-0.031015,-0.040712,-0.062529,,0.056029,,,,
8,1,0,,0.894686,0.890643,-0.004043,0.037903,0.074171,-1.649515,0.013607,0.037964,-1.572678,0.076906,0.324084,-0.026973,0.127918,0.056003,0.319879,-0.247188,0.007570,0.027413,-0.173855,-0.000036,-0.414775,0.296705,0.019894,-0.034433,-0.018355,0.270303,0.065440,0.465996,-0.272533,0.011597,0.000023,-0.204111,-0.029240,-0.421610,0.290533,-0.034255,-0.012979,-0.008618,-0.142385,-0.009437,-0.146117,0.025345,-0.004027,0.027390,0.030256,0.029205,0.006835,0.006172,0.054149,-0.021454,18.186974,28.769394,-4.931565,7.251146,-5.731930,-10.690621,-3.303438,16.367964,-9.204271,0.872450,-61.571548,-35.876747,6.845340,-0.006072,0.149712,-0.040882,-0.003466,-0.048925,-0.143778,0.140640,-0.134730,-0.014574,-0.043722,-0.045732,,0.047237,,,,
9,1,0,,0.895082,0.890663,-0.004420,0.032680,0.078235,-1.648790,0.013663,0.038142,-1.571463,0.075057,0.327580,-0.027245,0.127724,0.057070,0.319315,-0.246734,0.007608,0.027757,-0.172664,0.001070,-0.412984,0.296221,0.020031,-0.035305,-0.018392,0.280058,0.051711,0.472997,-0.280991,-0.001905,-0.005847,-0.200874,-0.028685,-0.410589,0.286830,-0.035156,-0.012621,-0.008853,-0.152334,0.005359,-0.153682,0.034256,0.009513,0.033604,0.028210,0.029754,-0.002395,0.009391,0.055188,-0.022684,23.453861,32.415092,-0.124403,-6.179380,-3.445352,-5.025033,2.883863,33.209293,-10.246139,-9.155843,-62.518681,-34.619499,7.025389,-0.003572,0.126837,-0.031373,0.021704,-0.049079,-0.150040,0.152583,-0.129155,-0.017733,-0.045195,-0.075189,,0.040605,,,,
10,1,0,,0.895424,0.890686,-0.004738,0.026403,0.080013,-1.647176,0.013678,0.038310,-1.570275,0.071062,0.338343,-0.027477,0.127766,0.058112,0.319209,-0.246483,0.007635,0.028042,-0.171438,0.002140,-0.411103,0.295679,0.020159,-0.036112,-0.018433,0.286773,0.043508,0.476542,-0.289786,-0.015434,-0.012434,-0.195164,-0.027140,-0.399795,0.283706,-0.036537,-0.012531,-0.009044,-0.159006,0.014603,-0.157333,0.043303,0.023069,0.040476,0.023725,0.029279,-0.011308,0.011974,0.056696,-0.023581,32.126373,34.180611,-1.179384,-6.183270,-6.464387,-9.154375,4.296166,43.571522,-5.304040,-29.033630,-67.533005,-34.689644,7.191820,0.003306,0.123929,-0.058803,0.041558,-0.077337,-0.157216,0.154958,-0.149018,-0.025544,-0.034757,-0.106304,,0.035301,,,,
11,1,0,,0.895596,0.890695,-0.004901,0.021271,0.079590,-1.646036,0.013589,0.038398,-1.569969,0.059346,0.178217,-0.027569,0.128002,0.058327,0.319776,-0.246751,0.007682,0.028116,-0.170648,0.002406,-0.409826,0.295261,0.020309,-0.036089,-0.020017,0.291933,0.034827,0.479491,-0.289632,-0.016403,-0.017425,-0.188809,-0.025952,-0.391789,0.281674,-0.037331,-0.012305,-0.007552,-0.163931,0.023500,-0.159715,0.042881,0.024085,0.045541,0.018160,0.028357,-0.018037,0.013587,0.057640,-0.023784,20.902321,31.714907,0.320128,2.487754,5.763179,6.115227,39.063374,32.441589,-12.821477,-19.694181,-66.731064,-35.107494,6.796176,-0.010507,0.141040,0.003812,0.036936,-0.058507,-0.158806,0.154967,-0.100962,-0.003298,-0.047651,-0.077108,,0.027196,,,,
12,1,0,,0.895576,0.890698,-0.004878,0.018375,0.078704,-1.647695,0.013459,0.038480,-1.570018,0.056838,0.141430,-0.027574,0.128164,0.058216,0.320277,-0.247047,0.007734,0.028105,-0.170120,0.002342,-0.408928,0.294965,0.020464,-0.035759,-0.023685,0.296015,0.029949,0.480754,-0.278968,-0.006319,-0.019829,-0.185118,-0.027535,-0.388857,0.281458,-0.036793,-0.012147,-0.003889,-0.167852,0.028267,-0.160477,0.031920,0.014053,0.047934,0.014999,0.029877,-0.020071,0.013507,0.057257,-0.023612,37.514759,14.707206,3.898122,-2.333786,4.551403,8.846841,40.382504,13.082502,-4.171364,-23.278725,-59.506001,-35.455147,6.866630,-0.008221,0.127626,0.029407,0.013918,-0.075608,-0.149755,0.138855,-0.081561,0.000289,-0.036769,-0.046928,,0.032860,,,,
13,1,0,,0.895386,0.890688,-0.004698,0.015814,0.078933,-1.649322,0.013246,0.038550,-1.570776,0.061594,0.134809,-0.027407,0.128177,0.057454,0.320643,-0.247403,0.007794,0.027922,-0.170112,0.001620,-0.408785,0.294915,0.020628,-0.034816,-0.026575,0.299592,0.029967,0.479134,-0.269362,0.000709,-0.021505,-0.183774,-0.029108,-0.387991,0.282112,-0.034627,-0.012167,-0.000832,-0.171416,0.027487,-0.158491,0.021960,0.007085,0.049427,0.013662,0.030728,-0.020795,0.012802,0.055256,-0.022649,39.441441,13.532254,3.299856,1.739091,1.533303,2.390177,32.666878,1.018629,-2.441189,1.590705,-51.361935,-34.447742,6.971142,-0.007640,0.128233,0.014407,-0.000039,-0.031260,-0.146057,0.141945,-0.082819,-0.003310,-0.035257,-0.016332,,0.035281,,,,
14,1,0,,0.895106,0.890673,-0.004433,0.014050,0.078965,-1.650943,0.012965,0.038624,-1.571842,0.081119,0.063229,-0.027133,0.128103,0.056425,0.320905,-0.247768,0.007841,0.027613,-0.170438,0.000600,-0.409195,0.295091,0.020768,-0.033528,-0.029404,0.300805,0.032790,0.474771,-0.259143,0.009428,-0.022084,-0.183373,-0.030615,-0.389625,0.284133,-0.032866,-0.012153,0.002271,-0.172702,0.023634,-0.153865,0.011375,-0.001586,0.049697,0.012935,0.031215,-0.019570,0.010958,0.053634,-0.021375,28.751791,-0.853992,6.469685,-1.401672,4.268575,7.811317,41.575066,15.393932,-4.026141,-28.740086,-52.148941,-31.510750,6.881484,-0.018671,0.109808,0.041691,0.013571,-0.097115,-0.116254,0.119953,-0.062941,0.005047,-0.039348,-0.016349,,0.044807,,,,
15,1,0,,0.894391,0.890654,-0.003737,0.013300,0.076957,-1.650587,0.012648,0.038699,-1.573061,0.081919,0.182508,-0.026805,0.127986,0.055263,0.321116,-0.248138,0.007883,0.027241,-0.170930,-0.000569,-0.409880,0.295381,0.020895,-0.032067,-0.033149,0.299502,0.040404,0.472231,-0.246922,0.027116,-0.021193,-0.186377,-0.029398,-0.402224,0.291769,-0.031505,-0.012286,0.006344,-0.171515,0.014858,-0.151115,-0.001216,-0.019233,0.048435,0.015447,0.028829,-0.007656,0.003612,0.052400,-0.019781,8.129048,-31.430355,11.071384,13.761873,44.790943,27.280310,49.155403,-21.153025,5.760423,-35.636765,-27.545231,-9.049836,7.112455,-0.035170,0.141775,0.115686,-0.034995,-0.148500,-0.053021,0.081698,0.038222,0.012242,-0.019312,0.076138,,0.060796,,,,
16,1,0,,0.894147,0.890635,-0.003513,0.013707,0.074481,-1.651606,0.012284,0.038805,-1.573855,0.038870,0.170798,-0.026475,0.128056,0.054520,0.321527,-0.248577,0.007892,0.026848,-0.171445,-0.001368,-0.410690,0.295801,0.020988,-0.030805,-0.034532,0.295071,0.039382,0.469996,-0.248755,0.028375,-0.019904,-0.196486,-0.027307,-0.427499,0.300388,-0.031366,-0.011990,0.008057,-0.167015,0.015138,-0.148469,0.000178,-0.020483,0.046752,0.025040,0.025939,0.016809,-0.004587,0.052354,-0.018816,18.596478,-42.788494,13.950294,-5.936367,49.323421,35.124714,44.827011,-42.394512,3.317612,-22.401533,-3.113714,-1.824270,6.318907,-0.024634,0.101440,0.150012,-0.081217,-0.178859,-0.036466,0.056494,0.072538,0.012735,-0.020237,0.135634,,0.059666,,,,
17,1,0,,0.894469,0.890617,-0.003852,0.014025,0.073007,-1.653158,0.011943,0.038901,-1.574347,0.031751,0.046930,-0.026182,0.128209,0.054055,0.322023,-0.249012,0.007890,0.026503,-0.171798,-0.001883,-0.411279,0.296150,0.021073,-0.029813,-0.034881,0.289443,0.037735,0.462163,-0.245094,0.027198,-0.018052,-0.211244,-0.016498,-0.456599,0.308437,-0.031539,-0.012108,0.008699,-0.161234,0.016320,-0.140140,-0.003918,-0.019308,0.044555,0.039446,0.014615,0.045319,-0.012287,0.052612,-0.017705,16.325109,-31.782753,17.373768,-9.488169,44.639866,37.657413,52.049152,-37.408001,1.848131,-7.707206,6.250831,0.039390,7.014702,-0.026205,0.076582,0.164778,-0.097609,-0.185956,-0.031844,0.063661,0.058356,0.020365,-0.002583,0.165248,,0.063425,,,,
18,1,0,,0.895038,0.890602,-0.004436,0.015853,0.070592,-1.654017,0.011651,0.038978,-1.574234,0.036627,0.257004,-0.025962,0.128526,0.054147,0.322687,-0.249441,0.007865,0.026255,-0.171826,-0.001826,-0.411426,0.296358,0.021144,-0.029361,-0.036681,0.281212,0.036771,0.450586,-0.239330,0.027440,-0.013475,-0.227100,-0.002304,-0.488516,0.325890,-0.020745,-0.012234,0.010719,-0.152686,0.017377,-0.127899,-0.010112,-0.019575,0.039730,0.055274,0.000478,0.077091,-0.029531,0.041889,-0.017126,12.845544,-58.846684,21.243576,8.045856,50.379356,39.365261,66.898270,-40.095257,-0.506797,-20.173372,11.098160,11.393130,7.046718,-0.034139,0.086404,0.176451,-0.118953,-0.251550,0.028304,0.014511,0.117005,0.040416,0.008510,0.212123,,0.066272,,,,
19,1,0,,0.895658,0.890590,-0.005068,0.017771,0.065860,-1.654374,0.011460,0.039020,-1.573707,0.043164,0.242792,-0.025848,0.128822,0.054614,0.323217,-0.249730,0.007817,0.026152,-0.171593,-0.001349,-0.411207,0.296424,0.021197,-0.029387,-0.038454,0.271181,0.036275,0.439615,-0.233667,0.029819,-0.008565,-0.242155,0.007742,-0.520588,0.344804,-0.009282,-0.012342,0.012605,-0.142359,0.018339,-0.116399,-0.016063,-0.022002,0.034717,0.070563,-0.009091,0.109380,-0.048380,0.030479,-0.017045,35.771236,-43.939465,18.434111,16.040049,48.861553,38.564072,56.868721,-40.092903,-3.021066,-2.838772,7.293230,3.583492,7.098890,-0.018692,0.092592,0.192640,-0.131362,-0.246502,0.013512,0.024218,0.105332,0.036738,0.010242,0.217815,,0.063972,,,,
20,1,0,,0.896213,0.890580,-0.005633,0.018335,0.062478,-1.655004,0.011319,0.039044,-1.572975,0.059903,0.130537,-0.025788,0.129107,0.055268,0.323679,-0.249949,0.007756,0.026122,-0.171228,-0.000661,-0.410806,0.296419,0.021242,-0.029653,-0.038554,0.264407,0.035455,0.431629,-0.229135,0.034468,-0.004786,-0.256885,0.013842,-0.543404,0.355337,-0.004830,-0.012341,0.012766,-0.135300,0.019813,-0.107951,-0.020814,-0.026712,0.030907,0.085657,-0.014503,0.132599,-0.058918,0.026072,-0.017312,38.032505,-18.546669,11.504825,-4.004766,35.195312,39.350372,68.047951,-28.352825,-3.286687,0.178925,4.497282,0.270074,7.016318,-0.013169,0.056450,0.189682,-0.133839,-0.241772,0.000688,0.053089,0.035137,0.046399,0.013466,0.207956,,0.052069,,,,
21,1,0,,0.896810,0.890574,-0.006236,0.018183,0.060408,-1.656816,0.011203,0.039088,-1.572356,0.069315,0.179487,-0.025703,0.129131,0.055852,0.323562,-0.249881,0.007677,0.026091,-0.170907,-0.000010,-0.410359,0.296349,0.021267,-0.029998,-0.037450,0.258770,0.033517,0.423656,-0.224777,0.041259,-0.002412,-0.267758,0.012491,-0.550472,0.355458,-0.005198,-0.012304,0.011747,-0.129639,0.022335,-0.100094,-0.025104,-0.033581,0.028503,0.096852,-0.012502,0.140113,-0.059109,0.026465,-0.017694,45.552494,-29.605217,7.493970,-1.980392,35.116833,37.588181,39.789505,-20.146351,-3.199534,18.151737,-2.538617,-1.716627,6.914699,-0.003265,0.050762,0.202011,-0.125458,-0.174589,-0.011117,0.035433,0.037528,0.027236,0.005016,0.176286,,0.043638,,,,
22,1,0,,0.897425,0.890570,-0.006854,0.017264,0.057232,-1.656865,0.011090,0.039163,-1.571923,0.086338,0.211237,-0.025602,0.129061,0.056289,0.323235,-0.249733,0.007606,0.026046,-0.170675,0.000491,-0.409960,0.296271,0.021292,-0.030201,-0.035198,0.250575,0.033344,0.413173,-0.219358,0.046815,-0.001516,-0.272370,0.009065,-0.545853,0.346564,-0.004596,-0.012362,0.009596,-0.121515,0.022945,-0.089938,-0.030376,-0.039209,0.027562,0.101695,-0.008573,0.135893,-0.050293,0.025888,-0.017838,43.718037,-19.104090,16.512236,-15.791055,32.745998,33.989918,42.157413,-4.223368,-0.381944,-0.189521,-5.753609,1.496690,7.111769,-0.003342,0.008469,0.156884,-0.103388,-0.183737,0.000984,0.032744,0.041792,0.029109,0.006433,0.147628,,0.059426,,,,
23,1,0,,0.897814,0.890571,-0.007244,0.016366,0.053758,-1.655406,0.010982,0.039301,-1.571861,0.100357,0.178988,-0.025470,0.128800,0.056431,0.322488,-0.249425,0.007550,0.025974,-0.170626,0.000694,-0.409657,0.296175,0.021319,-0.030121,-0.032577,0.243616,0.034419,0.405353,-0.215090,0.050562,-0.001275,-0.273956,0.002285,-0.536465,0.331009,-0.012847,-0.012250,0.007107,-0.114816,0.022012,-0.082865,-0.034335,-0.043011,0.027249,0.103331,-0.001591,0.126808,-0.034834,0.034166,-0.017870,51.743614,-14.970309,4.933725,9.517146,30.816427,32.072582,25.112831,-7.531574,-3.972620,11.345009,-5.398932,-10.475889,6.778212,0.007154,0.057192,0.145026,-0.104614,-0.142650,-0.052968,0.036875,0.032748,0.014017,-0.010946,0.123494,,0.043254,,,,
24,1,0,,0.897766,0.890574,-0.007192,0.016207,0.051964,-1.655659,0.010909,0.039488,-1.572006,0.120741,0.062396,-0.025389,0.128584,0.056413,0.321784,-0.249167,0.007537,0.025910,-0.170698,0.000756,-0.409429,0.296081,0.021369,-0.029921,-0.030084,0.242172,0.034042,0.404865,-0.214316,0.052427,-0.001251,-0.275191,-0.010504,-0.521514,0.313045,-0.026140,-0.012212,0.004695,-0.113588,0.022371,-0.083081,-0.034851,-0.044890,0.027160,0.104493,0.011260,0.112085,-0.016964,0.047509,-0.017708,23.520821,3.526304,4.292563,-6.291794,23.646162,29.085562,6.743473,-5.294786,0.001553,9.205838,-5.627112,-7.343875,7.052350,-0.009764,0.045456,0.127018,-0.104075,-0.118542,-0.062435,0.065928,0.009330,0.003000,-0.021241,0.103411,,0.040672,,,,
25,1,0,,0.897219,0.890579,-0.006640,0.016576,0.051626,-1.654361,0.010854,0.039699,-1.572254,0.151959,0.131581,-0.025333,0.128391,0.056315,0.321102,-0.248933,0.007543,0.025849,-0.170831,0.000750,-0.409237,0.295988,0.021430,-0.029661,-0.027409,0.244146,0.035418,0.407710,-0.214917,0.047192,-0.001782,-0.275350,-0.023207,-0.502488,0.289138,-0.042605,-0.012136,0.002076,-0.115754,0.020897,-0.086608,-0.034016,-0.039648,0.027631,0.104519,0.023957,0.093251,0.006850,0.064035,-0.017525,27.290964,25.713860,9.948816,-9.052805,7.643983,16.433243,-2.923840,8.871184,0.677420,9.240660,-9.040193,-10.713861,7.015027,-0.003107,0.049647,0.075368,-0.086047,-0.091458,-0.092868,0.095936,-0.029995,-0.005580,-0.031914,0.059962,,0.052622,,,,
26,1,0,,0.896242,0.890585,-0.005658,0.017731,0.050993,-1.652923,0.010858,0.039913,-1.572528,0.173465,0.129092,-0.025370,0.128480,0.056180,0.320987,-0.248987,0.007604,0.025820,-0.170953,0.000594,-0.409022,0.295885,0.021520,-0.029538,-0.024498,0.246478,0.036665,0.412263,-0.216664,0.036257,-0.003093,-0.274417,-0.038196,-0.484379,0.266442,-0.054002,-0.011997,-0.000872,-0.117998,0.019515,-0.091275,-0.032323,-0.028653,0.028914,0.103464,0.038790,0.075357,0.029443,0.075521,-0.017541,17.221720,2.386169,11.024549,-4.878936,6.376319,22.024406,-6.688097,7.017673,2.149994,3.970092,-5.119292,-3.185732,6.855829,-0.007380,0.064133,0.069925,-0.084832,-0.087352,-0.075359,0.072385,-0.035894,-0.011154,-0.047941,0.053147,,0.054608,,,,
27,1,0,,0.895458,0.890587,-0.004872,0.020014,0.049731,-1.651524,0.010886,0.040092,-1.572763,0.165002,0.186626,-0.025435,0.128630,0.056052,0.321052,-0.249124,0.007670,0.025845,-0.171033,0.000472,-0.408806,0.295788,0.021610,-0.029516,-0.022860,0.248059,0.037964,0.417324,-0.219028,0.030152,-0.004079,-0.273178,-0.043738,-0.476232,0.251984,-0.057390,-0.011941,-0.002575,-0.119429,0.018088,-0.096272,-0.030096,-0.022482,0.029923,0.102145,0.044210,0.067426,0.043804,0.078999,-0.017575,12.889277,20.476711,5.158862,-9.524405,-0.485026,14.421864,-15.706778,6.844559,-8.529485,15.625401,-24.545565,-24.492786,7.077219,-0.012398,0.061790,0.061706,-0.081411,-0.101185,-0.103641,0.093020,-0.052998,-0.015396,-0.051808,0.027226,,0.048490,,,,
28,1,0,,0.895589,0.890581,-0.005008,0.021187,0.050559,-1.647700,0.010964,0.040202,-1.572923,0.147766,0.204496,-0.025556,0.128903,0.055940,0.321473,-0.249425,0.007749,0.025974,-0.171029,0.000418,-0.408589,0.295700,0.021699,-0.029697,-0.022760,0.251786,0.045595,0.422588,-0.220812,0.035404,-0.004873,-0.270529,-0.039967,-0.470300,0.249527,-0.052073,-0.011870,-0.002796,-0.122883,0.010346,-0.101115,-0.028613,-0.027655,0.030847,0.099500,0.040386,0.061711,0.046173,0.073772,-0.017827,1.067628,15.520081,2.035067,13.744324,1.907476,4.199948,-9.443138,7.752278,-16.247726,40.124016,-19.238539,-28.879448,6.837560,-0.022258,0.111721,0.052214,-0.076158,-0.029433,-0.117137,0.096020,-0.049768,-0.013456,-0.064588,0.033744,,0.056159,,,,
29,1,0,,0.896006,0.890567,-0.005439,0.021707,0.051174,-1.646408,0.011089,0.040224,-1.573095,0.125591,0.031548,-0.025734,0.129139,0.055771,0.321965,-0.249743,0.007821,0.026209,-0.171054,0.000368,-0.408564,0.295686,0.021778,-0.029918,-0.023048,0.254667,0.052756,0.429182,-0.223329,0.038270,-0.006409,-0.265602,-0.038775,-0.460220,0.244923,-0.047966,-0.011689,-0.002686,-0.125528,0.003016,-0.107217,-0.026415,-0.030449,0.032618,0.094548,0.039143,0.051656,0.050764,0.069744,-0.018229,3.247394,14.093417,0.141895,3.937027,-3.581434,0.640186,0.087741,20.184185,-12.814119,9.437593,-34.063644,-29.317585,6.656053,-0.022126,0.100723,0.042820,-0.053636,-0.070254,-0.125608,0.093378,-0.065148,-0.010351,-0.060494,-0.010627,,0.058479,,,,
30,1,0,,0.896607,0.890548,-0.006059,0.021758,0.051063,-1.651045,0.011238,0.040204,-1.573273,0.105669,0.387222,-0.025940,0.129358,0.055574,0.322492,-0.250070,0.007890,0.026496,-0.171092,0.000318,-0.408635,0.295710,0.021852,-0.030158,-0.023171,0.255598,0.054136,0.437928,-0.233751,0.030038,-0.009220,-0.260384,-0.043637,-0.449867,0.239455,-0.045106,-0.011252,-0.002769,-0.126240,0.001437,-0.115436,-0.016319,-0.022148,0.035717,0.089292,0.043955,0.041232,0.056255,0.066958,-0.018906,27.961878,20.136402,0.987287,10.853253,-8.682579,-10.062272,-12.094213,17.664978,-22.222021,18.979866,-36.410336,-34.032700,5.951403,-0.004801,0.129204,-0.010418,-0.051683,-0.040894,-0.146156,0.098713,-0.101798,-0.025010,-0.085508,-0.023486,,0.055762,,,,
31,1,0,,0.897397,0.890526,-0.006871,0.020785,0.051322,-1.659889,0.011360,0.040172,-1.573502,0.089486,0.397051,-0.026129,0.129456,0.055323,0.322750,-0.250231,0.007948,0.026742,-0.171359,0.000220,-0.409095,0.295880,0.021901,-0.030252,-0.023141,0.256622,0.055158,0.448251,-0.246225,0.018118,-0.013493,-0.255449,-0.052757,-0.438275,0.232645,-0.043658,-0.011134,-0.002988,-0.127166,0.000165,-0.125501,-0.004005,-0.010170,0.040235,0.084090,0.052976,0.029180,0.063235,0.065560,-0.019118,17.355312,27.179445,2.904722,-1.144484,-4.604639,-5.736935,7.413639,27.318686,-11.124720,-0.093197,-43.628345,-34.148933,6.428095,-0.011583,0.119389,-0.012072,-0.036222,-0.061732,-0.144590,0.107986,-0.103375,-0.018812,-0.078744,-0.042403,,0.060985,,,,
32,1,0,,0.898080,0.890509,-0.007571,0.019440,0.052022,-1.665582,0.011468,0.040177,-1.573657,0.070569,0.209283,-0.026299,0.129538,0.055151,0.322879,-0.250310,0.008001,0.026950,-0.171641,0.000172,-0.409530,0.296042,0.021935,-0.030338,-0.023454,0.258909,0.057823,0.456950,-0.252543,0.011256,-0.017242,-0.251311,-0.058652,-0.427719,0.226677,-0.043744,-0.011098,-0.002846,-0.129372,-0.002672,-0.134071,0.002233,-0.003255,0.044192,0.079670,0.058823,0.018189,0.069366,0.065679,-0.019240,17.615646,26.885723,2.751983,-1.437620,-2.991742,-2.279378,16.936399,22.687609,-8.979828,2.709243,-34.459179,-33.073235,6.386112,-0.013283,0.124305,-0.002205,-0.040992,-0.048925,-0.152980,0.114297,-0.096841,-0.015263,-0.077538,-0.023757,,0.064789,,,,
33,1,0,,0.898703,0.890500,-0.008203,0.017890,0.054040,-1.670091,0.011549,0.040258,-1.573667,0.056451,0.309806,-0.026431,0.129586,0.055138,0.322748,-0.250228,0.008041,0.027082,-0.171953,0.000225,-0.409914,0.296190,0.021935,-0.030409,-0.023570,0.262216,0.058744,0.463296,-0.259801,0.000437,-0.020586,-0.248514,-0.063342,-0.417182,0.220731,-0.044140,-0.011044,-0.002861,-0.132630,-0.003606,-0.140548,0.009573,0.007604,0.047668,0.076561,0.063566,0.007268,0.075459,0.066075,-0.019366,32.274967,24.734451,1.890024,-2.100325,-6.362627,-9.196746,3.431662,16.032095,-13.851542,12.835538,-32.455326,-35.590660,6.394723,-0.003159,0.123137,-0.040578,-0.046562,-0.019013,-0.165731,0.115807,-0.116406,-0.026482,-0.091681,-0.031327,,0.062126,,,,
34,1,0,,0.899311,0.890497,-0.008814,0.016214,0.056970,-1.675937,0.011627,0.040375,-1.573406,0.038716,0.322497,-0.026580,0.129612,0.055386,0.322448,-0.250026,0.008062,0.027195,-0.172121,0.000490,-0.410047,0.296255,0.021891,-0.030566,-0.023645,0.264158,0.058807,0.464748,-0.264150,-0.007466,-0.024077,-0.247810,-0.069486,-0.408687,0.215583,-0.045924,-0.011032,-0.002935,-0.134547,-0.003421,-0.142300,0.014124,0.015528,0.051272,0.075689,0.069976,-0.001361,0.080671,0.067815,-0.019534,22.086540,12.566309,4.497413,-3.496487,-2.112063,-1.503094,19.364918,8.935634,-8.052594,1.726763,-23.990559,-34.726795,6.328597,-0.009919,0.109475,-0.019674,-0.057903,-0.038848,-0.150096,0.100515,-0.102965,-0.019142,-0.088431,-0.010712,,0.065515,,,,
35,1,0,,0.899607,0.890499,-0.009108,0.015114,0.058730,-1.678148,0.011704,0.040511,-1.573011,0.015252,0.081104,-0.026738,0.129626,0.055766,0.322063,-0.249763,0.008073,0.027300,-0.172216,0.000862,-0.410056,0.296278,0.021823,-0.030765,-0.024347,0.264666,0.058969,0.464849,-0.262343,-0.000289,-0.026019,-0.247708,-0.071757,-0.404710,0.213356,-0.047338,-0.011073,-0.002391,-0.135041,-0.003203,-0.142785,0.012580,0.008361,0.053319,0.075492,0.072619,-0.005346,0.082923,0.069162,-0.019692,25.620239,20.092373,-1.550972,4.120492,3.166130,11.015083,29.157942,17.584116,-5.864567,-4.411891,-22.468048,-30.772892,6.324203,-0.010051,0.123600,0.040806,-0.049296,-0.054758,-0.140638,0.107091,-0.080873,-0.010443,-0.082967,-0.006173,,0.056373,,,,
36,1,0,,0.899654,0.890498,-0.009156,0.014410,0.059859,-1.678526,0.011848,0.040581,-1.572325,0.010261,0.121568,-0.026920,0.129500,0.056386,0.321528,-0.249406,0.008058,0.027477,-0.172006,0.001493,-0.409761,0.296223,0.021707,-0.031117,-0.024823,0.264863,0.055254,0.465445,-0.259500,0.011584,-0.026763,-0.247729,-0.072167,-0.402760,0.212500,-0.046701,-0.011096,-0.002097,-0.135363,0.001131,-0.143917,0.010095,-0.003526,0.054240,0.075722,0.073660,-0.007000,0.083723,0.068408,-0.020020,17.056644,12.465417,-2.518991,-2.227220,1.011376,5.855564,12.091822,5.019909,-15.460938,3.846884,-25.802162,-33.165215,6.372141,-0.013954,0.112036,0.041443,-0.062133,-0.041475,-0.140150,0.097635,-0.083341,-0.020858,-0.100237,-0.014726,,0.047109,,,,
37,1,0,,0.899605,0.890496,-0.009109,0.014005,0.060935,-1.680008,0.012015,0.040627,-1.571625,0.024556,0.101080,-0.027091,0.129278,0.057006,0.320885,-0.249009,0.008038,0.027676,-0.171677,0.002146,-0.409321,0.296118,0.021581,-0.031474,-0.025740,0.264875,0.052516,0.465157,-0.254232,0.021597,-0.027037,-0.249011,-0.073715,-0.403112,0.212589,-0.045649,-0.011138,-0.001351,-0.135597,0.004490,-0.144272,0.005223,-0.013559,0.054713,0.077334,0.075861,-0.006209,0.083528,0.067230,-0.020335,18.014069,23.713987,-0.406617,-3.921751,3.150271,5.558498,29.987398,8.582171,-14.131738,-17.388241,-25.940647,-33.803425,6.432614,-0.017581,0.107559,0.049637,-0.062333,-0.085834,-0.135707,0.109868,-0.068064,-0.007821,-0.097394,-0.014781,,0.050140,,,,
38,1,0,,0.899464,0.890491,-0.008972,0.012670,0.061813,-1.679373,0.012229,0.040625,-1.570897,0.034160,0.146085,-0.027237,0.128864,0.057629,0.320025,-0.248535,0.008009,0.027917,-0.171108,0.002848,-0.408592,0.295912,0.021437,-0.031841,-0.026022,0.264950,0.052977,0.463844,-0.252518,0.022091,-0.027603,-0.250106,-0.073072,-0.403994,0.213343,-0.044510,-0.011184,-0.001215,-0.136087,0.004651,-0.143819,0.003984,-0.014082,0.055520,0.078999,0.075920,-0.004598,0.082569,0.065947,-0.020657,25.906166,23.649864,1.437148,-5.161574,-3.946930,-4.438855,-0.544697,-2.478197,-7.021681,7.573636,-19.709717,-32.158760,6.435662,-0.009754,0.101288,0.008532,-0.073641,-0.040429,-0.132422,0.109501,-0.091085,-0.030031,-0.084356,0.000157,,0.055865,,,,
39,1,0,,0.899418,0.890486,-0.008931,0.010164,0.063182,-1.678037,0.012444,0.040626,-1.570262,0.052851,0.165370,-0.027346,0.128294,0.058159,0.318965,-0.248009,0.007971,0.028124,-0.170440,0.003472,-0.407723,0.295671,0.021277,-0.032100,-0.025934,0.265076,0.053121,0.461526,-0.254273,0.016485,-0.028842,-0.250096,-0.071653,-0.402097,0.212951,-0.044033,-0.011180,-0.001412,-0.136782,0.005038,-0.142561,0.006264,-0.008515,0.056966,0.079656,0.075125,-0.005625,0.082720,0.065309,-0.020920,31.704584,17.782528,-3.709285,-0.909532,-4.352021,-4.363039,-3.835865,21.243986,-14.276380,2.427130,-31.579521,-34.521877,6.473134,-0.004778,0.104642,-0.002806,-0.046987,-0.042757,-0.148567,0.104361,-0.097133,-0.034776,-0.094656,-0.028627,,0.047184,,,,
40,1,0,,0.899511,0.890481,-0.009030,0.007152,0.064904,-1.679418,0.012659,0.040628,-1.569674,0.072672,0.225771,-0.027438,0.127645,0.058643,0.317804,-0.247459,0.007928,0.028314,-0.169723,0.004058,-0.406784,0.295412,0.021108,-0.032304,-0.025936,0.265096,0.053066,0.459155,-0.258268,0.007380,-0.030703,-0.250081,-0.073024,-0.398904,0.211540,-0.044522,-0.011173,-0.001503,-0.137451,0.005577,-0.141351,0.010809,0.000548,0.059016,0.080358,0.077082,-0.007880,0.083872,0.065630,-0.021131,29.434898,13.840552,2.149012,-2.977148,-4.672857,-6.538440,14.758375,13.113004,-16.167885,2.140594,-31.697218,-34.940502,6.427820,-0.007322,0.098295,-0.022234,-0.056164,-0.037668,-0.147500,0.099498,-0.105535,-0.026258,-0.101950,-0.026325,,0.056676,,,,
41,1,0,,0.899707,0.890480,-0.009228,0.003550,0.066791,-1.681868,0.012849,0.040639,-1.569310,0.089691,0.257830,-0.027554,0.127233,0.058946,0.317142,-0.247193,0.007873,0.028445,-0.169034,0.004401,-0.405805,0.295123,0.020919,-0.032314,-0.025617,0.265123,0.053023,0.455974,-0.259484,-0.001929,-0.032881,-0.248939,-0.075437,-0.392996,0.208712,-0.045283,-0.011194,-0.001937,-0.137889,0.005923,-0.138831,0.012292,0.009802,0.061326,0.079905,0.079838,-0.012809,0.086410,0.066202,-0.021120,39.815914,9.105942,-2.046800,-5.117754,-0.999684,-4.992713,1.500222,29.020664,-13.434872,1.615521,-37.689156,-34.729477,6.473579,0.000324,0.089039,-0.026765,-0.034008,-0.024693,-0.161406,0.094441,-0.091611,-0.037487,-0.099248,-0.050150,,0.049789,,,,
42,1,0,,0.899876,0.890481,-0.009395,0.000469,0.068100,-1.682846,0.013033,0.040670,-1.569062,0.112248,0.132037,-0.027672,0.126953,0.059153,0.316727,-0.247058,0.007821,0.028562,-0.168417,0.004615,-0.404888,0.294844,0.020731,-0.032218,-0.026760,0.265145,0.053835,0.452585,-0.258663,-0.001137,-0.033833,-0.246980,-0.076269,-0.386975,0.206090,-0.046877,-0.011181,-0.000912,-0.138192,0.005318,-0.135858,0.011605,0.008958,0.062395,0.078563,0.080884,-0.017913,0.088754,0.067608,-0.021037,17.291048,22.314039,3.674119,-2.445836,1.608465,4.969263,30.698633,24.371420,-8.152656,-8.133121,-26.827658,-35.587437,6.440819,-0.020819,0.090460,0.016594,-0.038464,-0.038201,-0.155195,0.109823,-0.083599,-0.013646,-0.091120,-0.027197,,0.060490,,,,
43,1,0,,0.899766,0.890486,-0.009280,-0.002398,0.068823,-1.681539,0.013203,0.040740,-1.569048,0.123900,0.196031,-0.027796,0.126937,0.059169,0.316805,-0.247185,0.007776,0.028652,-0.167945,0.004572,-0.404094,0.294585,0.020547,-0.031907,-0.028011,0.265159,0.055518,0.448302,-0.256158,0.004313,-0.033919,-0.246674,-0.074746,-0.385683,0.206025,-0.047579,-0.011173,0.000214,-0.138221,0.003651,-0.131497,0.008974,0.003463,0.062571,0.078729,0.079318,-0.018411,0.088561,0.068126,-0.020735,28.401152,13.623896,4.234167,-9.296533,1.652792,3.501466,23.520597,26.358215,-10.948360,-17.783514,-29.195772,-30.200064,6.400734,-0.011932,0.071696,0.020867,-0.037826,-0.064934,-0.130207,0.099612,-0.078118,-0.019624,-0.090972,-0.026824,,0.063561,,,,
44,1,0,,0.899500,0.890495,-0.009005,-0.005776,0.068345,-1.679237,0.013348,0.040839,-1.569244,0.140021,0.226384,-0.027869,0.127092,0.058999,0.317204,-0.247489,0.007746,0.028685,-0.167713,0.004304,-0.403635,0.294456,0.020382,-0.031416,-0.028106,0.265179,0.055912,0.444548,-0.254728,0.009599,-0.033924,-0.245437,-0.072140,-0.385121,0.206497,-0.046744,-0.011136,0.000237,-0.138086,0.003088,-0.127345,0.007240,-0.001853,0.062609,0.077725,0.076444,-0.018514,0.087959,0.067126,-0.020280,20.144810,22.960808,-0.382706,-2.872948,0.521854,3.257875,21.936378,41.172489,-16.444147,-13.802840,-33.774433,-32.920212,6.447559,-0.014822,0.082184,0.025107,-0.019719,-0.055479,-0.153733,0.109182,-0.082176,-0.019875,-0.097426,-0.042505,,0.055267,,,,
45,1,0,,0.899201,0.890506,-0.008695,-0.009093,0.066809,-1.678727,0.013480,0.040952,-1.569545,0.160723,0.196238,-0.027916,0.127333,0.058736,0.317763,-0.247881,0.007723,0.028690,-0.167600,0.003922,-0.403342,0.294392,0.020227,-0.030834,-0.028122,0.265307,0.052953,0.443343,-0.250678,0.017880,-0.033885,-0.244721,-0.071357,-0.387132,0.207942,-0.046665,-0.011148,0.000206,-0.137974,0.005783,-0.125580,0.002797,-0.010157,0.062575,0.077121,0.075280,-0.016210,0.086450,0.066891,-0.019686,24.645111,13.225924,-2.747801,5.177968,3.779225,5.899580,20.347834,0.347699,-9.885529,-8.680003,-18.784481,-32.329647,6.405085,-0.011950,0.099887,0.045288,-0.064269,-0.059365,-0.130756,0.099158,-0.064692,-0.020391,-0.087413,-0.001007,,0.044934,,,,
46,1,0,,0.898626,0.890514,-0.008111,-0.012220,0.064488,-1.678193,0.013546,0.041065,-1.570002,0.185785,0.213175,-0.027836,0.127502,0.058320,0.318270,-0.248294,0.007705,0.028606,-0.167763,0.003376,-0.403589,0.294600,0.020087,-0.030271,-0.029136,0.265371,0.052080,0.444753,-0.242057,0.034001,-0.033258,-0.245849,-0.070574,-0.394335,0.211978,-0.045440,-0.011179,0.001300,-0.137869,0.006239,-0.126484,-0.006237,-0.026296,0.061864,0.078086,0.073950,-0.009254,0.082622,0.065527,-0.019092,9.666729,18.008223,1.070127,4.251512,4.042388,12.753592,42.939270,-3.178735,-9.357796,-11.432320,-11.612933,-30.311007,6.429461,-0.025922,0.105988,0.089909,-0.071975,-0.082667,-0.118221,0.104329,-0.049493,-0.003720,-0.085776,0.025590,,0.053715,,,,
47,1,0,,0.897857,0.890520,-0.007337,-0.016055,0.061982,-1.676569,0.013620,0.041162,-1.570428,0.197355,0.275089,-0.027756,0.127604,0.057930,0.318700,-0.248678,0.007676,0.028523,-0.167955,0.002855,-0.403967,0.294896,0.019944,-0.029842,-0.029816,0.265270,0.052073,0.447668,-0.240857,0.045957,-0.032839,-0.247966,-0.068640,-0.404198,0.217521,-0.043725,-0.011230,0.002060,-0.137666,0.005857,-0.128967,-0.007822,-0.038281,0.061362,0.080011,0.071496,0.000231,0.077375,0.063669,-0.018612,23.382114,10.345412,-0.970963,-2.426797,14.394900,10.366889,36.159943,3.908949,-9.056170,-10.121405,-20.267443,-29.902689,6.480752,-0.016157,0.100953,0.080784,-0.067576,-0.093052,-0.114994,0.096592,-0.048570,-0.009071,-0.082603,0.014167,,0.050372,,,,
48,1,0,,0.897537,0.890519,-0.007018,-0.017803,0.059451,-1.676963,0.013712,0.041222,-1.570788,0.202688,0.178278,-0.027676,0.127573,0.057594,0.318977,-0.249007,0.007628,0.028441,-0.168205,0.002387,-0.404607,0.295365,0.019794,-0.029680,-0.032078,0.263398,0.051167,0.448944,-0.242801,0.043885,-0.030795,-0.253931,-0.067472,-0.423534,0.224382,-0.041140,-0.011181,0.004403,-0.135825,0.006427,-0.129967,-0.006206,-0.036257,0.059236,0.085726,0.069859,0.018927,0.070983,0.060934,-0.018499,-13.297853,-19.996441,7.716143,-14.001429,34.462471,28.551214,43.780159,-10.685239,1.589536,-43.815460,-1.436404,2.215572,6.460095,-0.047848,0.076926,0.115816,-0.098589,-0.203407,-0.031749,0.058002,0.016663,0.004961,-0.064101,0.062228,,0.062796,,,,
49,1,0,,0.897726,0.890510,-0.007216,-0.018331,0.055386,-1.678051,0.013811,0.041224,-1.570948,0.179389,0.234100,-0.027625,0.127513,0.057444,0.319288,-0.249339,0.007544,0.028354,-0.168387,0.002097,-0.405316,0.295919,0.019630,-0.029843,-0.035371,0.258726,0.050053,0.447776,-0.242113,0.043956,-0.028116,-0.261671,-0.062469,-0.452502,0.238059,-0.037011,-0.011204,0.007745,-0.131213,0.007391,-0.128488,-0.007226,-0.036412,0.056471,0.093283,0.064566,0.047187,0.057859,0.056642,-0.018639,17.311705,-20.499407,9.223981,-4.978189,39.355984,35.757896,34.249477,-12.590670,2.798182,-17.550713,8.819956,2.851717,6.457094,-0.031581,0.086436,0.155219,-0.108770,-0.201251,-0.024393,0.048553,0.041424,-0.000120,-0.053436,0.110164,,0.063205,,,,
50,1,0,,0.898182,0.890497,-0.007685,-0.019755,0.052031,-1.678652,0.013912,0.041196,-1.571005,0.174081,0.141666,-0.027590,0.127440,0.057386,0.319616,-0.249673,0.007442,0.028264,-0.168535,0.001896,-0.406060,0.296516,0.019459,-0.030169,-0.037763,0.254343,0.049439,0.445387,-0.240559,0.048176,-0.025029,-0.270664,-0.046161,-0.484711,0.263627,-0.027774,-0.011210,0.010174,-0.126904,0.007947,-0.125771,-0.009114,-0.040734,0.053294,0.102130,0.048058,0.078652,0.032888,0.047233,-0.018959,21.623318,-21.017687,11.204038,-6.585866,47.590389,34.838169,66.210144,-24.558744,2.405227,-23.701738,13.351533,7.251593,6.474805,-0.030203,0.077778,0.164504,-0.134022,-0.251660,0.005085,0.045065,0.067076,0.025465,-0.026471,0.165019,,0.066871,,,,
51,1,0,,0.898737,0.890474,-0.008263,-0.021323,0.052757,-1.678298,0.013994,0.041063,-1.570710,0.160043,0.192184,-0.027572,0.127494,0.057635,0.320257,-0.250086,0.007298,0.028165,-0.168451,0.002037,-0.406617,0.297063,0.019291,-0.030784,-0.039778,0.252890,0.049939,0.439718,-0.236937,0.051428,-0.020993,-0.282547,-0.028027,-0.514660,0.286447,-0.021347,-0.011179,0.012206,-0.125395,0.007696,-0.119461,-0.013150,-0.044130,0.049159,0.114096,0.030064,0.108043,0.010616,0.040638,-0.019605,23.607927,15.556706,14.486413,-33.489887,30.298986,34.718952,50.007130,-6.243740,-2.590613,-12.896771,5.414695,1.080235,6.444697,-0.029462,0.018713,0.173706,-0.132059,-0.253454,-0.011689,0.088759,0.007561,0.019717,-0.017864,0.159051,,0.072331,,,,
52,1,0,,0.899450,0.890449,-0.009000,-0.023358,0.055571,-1.675853,0.014067,0.040919,-1.570377,0.149591,0.205373,-0.027540,0.127590,0.057912,0.320972,-0.250522,0.007151,0.028063,-0.168339,0.002222,-0.407132,0.297592,0.019137,-0.031332,-0.041413,0.252162,0.052752,0.431513,-0.231939,0.054990,-0.016849,-0.289678,-0.013646,-0.531879,0.303930,-0.015391,-0.011125,0.013873,-0.124571,0.005160,-0.110541,-0.018583,-0.047839,0.044912,0.121339,0.015867,0.124747,-0.006338,0.034528,-0.020207,28.255072,-13.774060,11.828641,-5.116806,36.443424,35.138290,65.828575,-4.328700,-3.654620,1.665330,8.079370,4.038384,6.469462,-0.026689,0.053957,0.159973,-0.124243,-0.212247,0.003923,0.055445,0.038871,0.035732,-0.007142,0.177807,,0.074182,,,,
53,1,0,,0.900064,0.890422,-0.009642,-0.024262,0.056308,-1.675621,0.014125,0.040756,-1.569970,0.147908,0.065959,-0.027480,0.127769,0.058244,0.321835,-0.251005,0.006998,0.027954,-0.168167,0.002491,-0.407563,0.298085,0.019008,-0.031744,-0.043852,0.249961,0.053207,0.425265,-0.228404,0.060019,-0.011425,-0.293296,-0.005085,-0.545025,0.321359,-0.004212,-0.011118,0.016373,-0.122193,0.005037,-0.103431,-0.022601,-0.053022,0.039378,0.125129,0.007576,0.137462,-0.023274,0.023220,-0.020626,2.972216,-56.642448,11.373961,26.753965,47.578026,35.918301,48.892685,-40.603012,-0.214880,-7.783751,7.160461,7.984130,6.410704,-0.048542,0.108779,0.187184,-0.162156,-0.241238,0.033354,0.000376,0.103006,0.033320,0.000865,0.194195,,0.070886,,,,
54,1,0,,0.900576,0.890399,-0.010177,-0.024716,0.055997,-1.676921,0.014159,0.040646,-1.569636,0.134628,0.092291,-0.027373,0.127927,0.058509,0.322564,-0.251428,0.006851,0.027794,-0.168069,0.002731,-0.408013,0.298578,0.018954,-0.031882,-0.046275,0.247249,0.052001,0.419956,-0.225442,0.064933,-0.006049,-0.297568,0.002325,-0.558072,0.328292,0.004608,-0.011160,0.018902,-0.119322,0.006508,-0.097392,-0.025986,-0.058082,0.033843,0.129499,0.000406,0.150059,-0.029714,0.014346,-0.020722,15.616345,-21.249891,7.722034,-4.499576,41.421757,33.593506,39.788593,-22.743740,0.692372,-2.311530,1.798594,3.099375,6.459946,-0.040999,0.048790,0.183397,-0.149883,-0.239979,0.023140,0.039942,0.055782,0.032357,0.010216,0.167593,,0.063077,,,,
55,1,0,,0.900959,0.890379,-0.010580,-0.025234,0.055521,-1.678029,0.014181,0.040562,-1.569338,0.124969,0.064293,-0.027244,0.128075,0.058740,0.323226,-0.251822,0.006708,0.027610,-0.168007,0.002956,-0.408472,0.299071,0.018937,-0.031883,-0.048125,0.243888,0.050942,0.413675,-0.221975,0.066866,-0.001442,-0.299116,0.006692,-0.563365,0.329186,0.011875,-0.011197,0.020882,-0.115814,0.007798,-0.090448,-0.029848,-0.060158,0.029052,0.131109,-0.003736,0.154893,-0.030115,0.007062,-0.020685,7.490074,-40.400078,9.220164,19.337767,50.093586,28.541162,46.970646,-18.393635,-2.361022,9.821488,4.782601,4.427880,6.498084,-0.048516,0.081377,0.142961,-0.139227,-0.203574,0.033072,0.009677,0.101864,0.039668,0.006122,0.170991,,0.065148,,,,
56,1,0,,0.901199,0.890372,-0.010827,-0.025934,0.054572,-1.683277,0.014171,0.040636,-1.569273,0.115720,0.432234,-0.027042,0.128032,0.058783,0.323250,-0.251933,0.006580,0.027386,-0.168150,0.002962,-0.408929,0.299537,0.018969,-0.031534,-0.048639,0.239335,0.045423,0.406304,-0.218572,0.067769,0.001092,-0.300563,0.003938,-0.564125,0.329316,0.016655,-0.010974,0.021597,-0.111302,0.013359,-0.083054,-0.033361,-0.061189,0.026294,0.132413,-0.000976,0.155196,-0.029779,0.002314,-0.020560,31.891802,-37.335693,1.356925,3.902523,39.827625,34.907269,33.797539,-32.756557,1.968569,4.357545,0.524259,1.767278,5.857872,-0.028779,0.044370,0.176745,-0.158557,-0.207838,0.026406,0.010543,0.065732,0.025754,0.003839,0.160505,,0.043015,,,,
57,1,0,,0.901424,0.890367,-0.011057,-0.026559,0.053329,-1.690609,0.014153,0.040739,-1.569237,0.108111,0.327309,-0.026829,0.127950,0.058806,0.323128,-0.251968,0.006464,0.027180,-0.168284,0.002950,-0.409284,0.299972,0.019076,-0.031211,-0.048721,0.233808,0.037887,0.397794,-0.214802,0.068696,0.003938,-0.301125,0.008060,-0.560080,0.329165,0.021954,-0.010987,0.021893,-0.105858,0.020919,-0.074666,-0.037165,-0.062232,0.023242,0.132842,-0.005109,0.150795,-0.029193,-0.002878,-0.020224,8.391794,-38.621910,9.471273,12.233756,46.534664,28.669817,46.042309,-11.091105,2.834042,14.237161,1.963796,4.347833,6.348567,-0.044139,0.049778,0.143778,-0.132802,-0.172569,0.041082,-0.001826,0.108203,0.041233,0.018353,0.163311,,0.047916,,,,
58,1,0,,0.901745,0.890369,-0.011375,-0.027621,0.053168,-1.694157,0.014117,0.040897,-1.569260,0.094527,0.086728,-0.026592,0.127786,0.058790,0.322714,-0.251853,0.006371,0.027009,-0.168399,0.002902,-0.409437,0.300347,0.019334,-0.030941,-0.048883,0.230980,0.034322,0.391247,-0.211076,0.071100,0.006275,-0.300834,0.015766,-0.550629,0.329023,0.025001,-0.010998,0.022291,-0.103194,0.024468,-0.068534,-0.040777,-0.064728,0.020734,0.132435,-0.012865,0.141193,-0.028675,-0.005667,-0.019943,14.115012,-20.861763,14.175859,7.138192,46.179436,28.312338,36.305634,-1.851599,-1.709966,9.841972,-0.160324,0.220701,6.382149,-0.040073,0.039994,0.148098,-0.121942,-0.159133,0.028442,0.024629,0.100924,0.034235,0.019732,0.158807,,0.053941,,,,
59,1,0,,0.901921,0.890368,-0.011552,-0.027499,0.052614,-1.694780,0.014053,0.041019,-1.569231,0.098861,0.127338,-0.026366,0.127811,0.058839,0.322668,-0.251889,0.006298,0.026831,-0.168473,0.002873,-0.409523,0.300593,0.019412,-0.030993,-0.050578,0.230738,0.033735,0.389423,-0.208935,0.072715,0.008641,-0.300837,0.018867,-0.543568,0.328875,0.029169,-0.010956,0.024211,-0.102927,0.025104,-0.066755,-0.042955,-0.066417,0.018189,0.132363,-0.015995,0.134044,-0.028282,-0.009757,-0.020036,-8.813347,-34.032162,7.030828,26.499210,44.150917,27.457119,40.470108,2.636093,-0.106226,-7.219915,-1.423142,3.509186,6.359695,-0.062040,0.083378,0.143477,-0.118187,-0.192708,0.045565,0.014806,0.089641,0.042945,0.020969,0.155776,,0.044214,,,,
60,1,0,,0.901981,0.890366,-0.011615,-0.027214,0.049806,-1.696581,0.013975,0.041124,-1.569176,0.086282,0.202338,-0.026145,0.127930,0.058920,0.322807,-0.252001,0.006233,0.026648,-0.168527,0.002853,-0.409578,0.300774,0.019399,-0.031206,-0.051988,0.229340,0.031735,0.389805,-0.208020,0.074320,0.010032,-0.300018,0.021676,-0.538486,0.327875,0.027308,-0.010914,0.025842,-0.101410,0.027185,-0.066998,-0.043981,-0.068087,0.016616,0.131490,-0.018823,0.128909,-0.027101,-0.007909,-0.020292,24.045750,-39.879742,6.431358,10.669378,43.375713,33.007000,32.440006,-12.691864,2.196438,15.589329,-1.212331,-3.723941,6.339296,-0.038514,0.057920,0.161636,-0.132136,-0.148212,0.012163,0.001948,0.092937,0.033491,0.028344,0.153217,,0.040523,,,,
61,1,0,,0.902074,0.890349,-0.011725,-0.027384,0.047023,-1.701400,0.013880,0.041109,-1.569044,0.084789,0.322586,-0.025972,0.128547,0.059028,0.324105,-0.252662,0.006207,0.026440,-0.168536,0.002947,-0.409767,0.300957,0.019361,-0.031873,-0.051994,0.225529,0.026624,0.385608,-0.205232,0.075048,0.009859,-0.300684,0.023092,-0.533902,0.324004,0.027209,-0.010924,0.026023,-0.096982,0.032404,-0.061503,-0.047430,-0.068840,0.016581,0.132148,-0.020144,0.124135,-0.023047,-0.007849,-0.020949,18.796450,-22.538668,6.185018,-6.249096,36.895157,30.718927,31.560390,-15.802800,0.170538,-5.751696,-3.756057,2.282974,6.313440,-0.039486,0.012162,0.157226,-0.139381,-0.185890,0.035113,0.013873,0.067421,0.030194,0.024164,0.138597,,0.031952,,,,
62,1,0,,0.902103,0.890326,-0.011776,-0.027256,0.044784,-1.707188,0.013780,0.041083,-1.569022,0.088904,0.344812,-0.025795,0.129201,0.059027,0.325549,-0.253426,0.006191,0.026221,-0.168616,0.002949,-0.410105,0.301195,0.019305,-0.032474,-0.052131,0.223712,0.020516,0.384068,-0.203733,0.076798,0.009580,-0.301278,0.021364,-0.528456,0.315043,0.023957,-0.010885,0.026336,-0.094511,0.038511,-0.058519,-0.049692,-0.070607,0.016642,0.132662,-0.018415,0.118351,-0.013848,-0.004652,-0.021589,26.443699,-2.043497,0.190861,9.221864,28.022970,30.775351,34.784504,5.249854,-4.296715,6.724487,-4.713420,-4.575611,6.325560,-0.035710,0.051846,0.163067,-0.115462,-0.150084,0.005546,0.040673,0.029984,0.031629,0.013555,0.119642,,0.017223,,,,
63,1,0,,0.901888,0.890295,-0.011594,-0.026892,0.043000,-1.713597,0.013670,0.041036,-1.569219,0.083023,0.261962,-0.025613,0.129927,0.058810,0.327286,-0.254394,0.006196,0.025983,-0.168839,0.002767,-0.410742,0.301542,0.019216,-0.032940,-0.052142,0.224168,0.013877,0.386071,-0.204003,0.076459,0.009432,-0.301070,0.016546,-0.521626,0.303166,0.018560,-0.010794,0.026529,-0.094241,0.044933,-0.058784,-0.050391,-0.070264,0.016550,0.132231,-0.013778,0.110885,-0.001624,0.000656,-0.022145,33.425674,24.497618,8.954105,-13.412798,19.040495,28.795387,27.723988,13.397874,-0.800669,-5.643376,-4.869943,-2.836721,6.228219,-0.031450,0.017183,0.145424,-0.107233,-0.167072,0.004596,0.071864,0.008982,0.027623,0.011407,0.103726,,0.022359,,,,
64,1,0,,0.901763,0.890261,-0.011502,-0.026525,0.042615,-1.719038,0.013520,0.041059,-1.569851,0.073429,0.265212,-0.025353,0.130431,0.058202,0.328671,-0.255307,0.006216,0.025655,-0.169487,0.002198,-0.412039,0.302173,0.019092,-0.032995,-0.052182,0.225804,0.008340,0.387733,-0.204052,0.077240,0.009223,-0.300858,0.012254,-0.515724,0.294975,0.016387,-0.010688,0.026829,-0.095373,0.049862,-0.059062,-0.051255,-0.071024,0.016432,0.131372,-0.010057,0.103685,0.007198,0.002705,-0.022306,8.912369,19.485390,5.283418,-13.628820,14.267756,30.222282,24.723377,1.369296,0.617451,1.849907,-1.654899,0.091992,6.192497,-0.046780,0.016965,0.154124,-0.119391,-0.148879,0.014759,0.070147,-0.003830,0.025419,0.010011,0.110923,,0.011982,,,,
65,1,0,,0.901614,0.890225,-0.011388,-0.025702,0.042608,-1.726067,0.013349,0.041117,-1.570699,0.058127,0.339106,-0.025054,0.130824,0.057399,0.329878,-0.256193,0.006244,0.025283,-0.170346,0.001434,-0.413667,0.302946,0.018951,-0.032844,-0.052210,0.226817,0.001093,0.388239,-0.204072,0.077664,0.009522,-0.301228,0.011713,-0.514342,0.292772,0.016059,-0.010584,0.027156,-0.095993,0.056306,-0.058360,-0.052120,-0.071420,0.015761,0.130881,-0.010279,0.100675,0.010174,0.002892,-0.022261,20.989357,24.619040,4.160037,-20.458414,7.681904,29.738987,42.376762,2.521101,2.325348,-19.986094,-1.973246,0.260664,6.123296,-0.038144,0.001242,0.156201,-0.119817,-0.198961,0.016327,0.073308,-0.017183,0.037961,0.015552,0.116611,,0.001516,,,,
66,1,0,,0.901425,0.890199,-0.011226,-0.025002,0.043844,-1.731990,0.013128,0.041303,-1.571984,0.052486,0.192081,-0.024670,0.130987,0.056240,0.330638,-0.256987,0.006284,0.024803,-0.171611,0.000274,-0.415838,0.303949,0.018769,-0.032235,-0.052189,0.229976,-0.004570,0.390738,-0.205075,0.078122,0.009010,-0.300643,0.007663,-0.512452,0.288311,0.009239,-0.010512,0.027519,-0.098989,0.060811,-0.060100,-0.051912,-0.071838,0.015793,0.129031,-0.007388,0.096615,0.015638,0.009530,-0.021723,30.929232,29.123049,13.011488,-11.539661,6.921469,30.858143,18.485567,12.294247,-5.988126,8.653733,-3.249664,-7.806386,6.068223,-0.031451,0.028048,0.158239,-0.106012,-0.138104,-0.021654,0.088598,-0.021989,0.018516,-0.006383,0.101901,,0.011650,,,,
67,1,0,,0.901277,0.890181,-0.011096,-0.024324,0.046521,-1.736150,0.012913,0.041498,-1.573178,0.033776,0.234558,-0.024298,0.131087,0.055183,0.331251,-0.257699,0.006320,0.024342,-0.172574,-0.000791,-0.417446,0.304694,0.018580,-0.031645,-0.052163,0.234050,-0.008775,0.392415,-0.205696,0.078236,0.008670,-0.300050,0.003896,-0.511634,0.286425,0.009720,-0.010403,0.027865,-0.102963,0.063958,-0.061164,-0.052003,-0.071916,0.015671,0.127475,-0.004687,0.094188,0.018269,0.008860,-0.021242,19.646023,15.910522,5.984446,-25.432718,6.068052,32.509995,32.350269,4.170857,4.470169,-19.694761,-1.164977,5.845376,6.024812,-0.039600,-0.001106,0.172348,-0.115585,-0.197493,0.028712,0.078093,-0.022856,0.030668,0.009608,0.113940,,-0.002681,,,,
68,1,0,,0.901303,0.890178,-0.011125,-0.023617,0.048115,-1.737124,0.012709,0.041710,-1.574188,0.020327,0.174731,-0.023949,0.131061,0.054327,0.331573,-0.258247,0.006349,0.023917,-0.172934,-0.001668,-0.417929,0.304923,0.018378,-0.031094,-0.052546,0.235224,-0.009445,0.391170,-0.204915,0.078074,0.008510,-0.296707,0.005237,-0.512935,0.286275,0.011832,-0.010349,0.028596,-0.104163,0.063772,-0.059597,-0.053332,-0.071725,0.015407,0.123774,-0.006904,0.095006,0.018648,0.006546,-0.020745,10.665548,2.498795,23.933502,-4.374659,26.240625,28.521666,24.982876,6.813220,-2.145845,2.630216,-1.299798,-0.672291,5.987813,-0.047366,0.030261,0.143552,-0.101491,-0.158469,0.011478,0.059364,0.026516,0.024044,0.003259,0.113472,,0.024043,,,,
69,1,0,,0.901344,0.890180,-0.011164,-0.023110,0.048590,-1.735771,0.012536,0.041892,-1.574783,0.026212,0.040964,-0.023644,0.130911,0.053856,0.331598,-0.258573,0.006350,0.023562,-0.173018,-0.002153,-0.418058,0.305018,0.018160,-0.030702,-0.052751,0.235482,-0.008159,0.390422,-0.204278,0.077741,0.007419,-0.291104,0.002476,-0.512836,0.283041,0.003233,-0.010263,0.029107,-0.104571,0.062016,-0.058824,-0.054295,-0.071390,0.016143,0.118086,-0.004629,0.094778,0.021977,0.014927,-0.020439,43.502243,-22.102011,13.573514,8.971030,26.146494,31.422186,22.513552,-5.101986,-2.464508,1.463180,-3.339850,-8.672748,5.931538,-0.023177,0.055861,0.155002,-0.106869,-0.160332,-0.034840,0.030866,0.026373,0.017959,-0.004409,0.099309,,0.012446,,,,
70,1,0,,0.901249,0.890185,-0.011064,-0.022867,0.048550,-1.733240,0.012377,0.042057,-1.575169,0.039441,0.233303,-0.023361,0.130698,0.053579,0.331474,-0.258789,0.006338,0.023242,-0.172965,-0.002444,-0.418008,0.305047,0.017935,-0.030391,-0.052650,0.237071,-0.005615,0.393130,-0.205153,0.076811,0.006168,-0.283575,-0.001788,-0.508213,0.277616,-0.007794,-0.010195,0.029288,-0.106373,0.059194,-0.061656,-0.053636,-0.070472,0.017074,0.110610,-0.000655,0.090205,0.027432,0.025730,-0.020195,35.870667,-0.110988,19.100773,10.781478,29.209700,25.724182,20.355165,-0.165763,-2.447442,15.446082,-1.859195,-5.340069,5.884756,-0.029681,0.070677,0.140172,-0.088958,-0.116563,-0.036084,0.060637,0.028195,0.016131,-0.008911,0.095035,,0.026449,,,,
71,1,0,,0.901135,0.890194,-0.010941,-0.022395,0.046694,-1.729038,0.012239,0.042177,-1.574983,0.052678,0.259691,-0.023135,0.130541,0.053796,0.331368,-0.258902,0.006295,0.023015,-0.172653,-0.002172,-0.417685,0.304959,0.017719,-0.030534,-0.052871,0.238092,-0.001532,0.397820,-0.206624,0.076187,0.005743,-0.276190,-0.004043,-0.506812,0.277045,-0.011248,-0.010148,0.029735,-0.107551,0.055327,-0.066453,-0.052277,-0.069892,0.017271,0.103537,0.001871,0.089128,0.027914,0.028966,-0.020386,15.763966,-50.757271,22.643373,33.699184,40.869881,26.436699,37.710266,-26.212685,1.210097,-5.179966,4.839560,0.848913,5.850854,-0.044293,0.114327,0.142428,-0.112713,-0.168045,-0.011404,0.000015,0.074012,0.031014,-0.003306,0.118920,,0.033241,,,,
72,1,0,,0.901006,0.890200,-0.010806,-0.021963,0.043460,-1.724767,0.012113,0.042278,-1.574734,0.070813,0.249276,-0.022931,0.130418,0.054056,0.331322,-0.259019,0.006250,0.022816,-0.172381,-0.001829,-0.417468,0.304900,0.017521,-0.030780,-0.052816,0.238094,0.002557,0.402428,-0.207664,0.075342,0.005621,-0.271829,-0.002963,-0.510786,0.279903,-0.012262,-0.010130,0.029885,-0.107676,0.051499,-0.071106,-0.051356,-0.069092,0.017195,0.099448,0.001134,0.093318,0.024997,0.029782,-0.020649,37.014629,-35.551029,19.242731,17.447697,44.662098,32.726082,20.121677,-22.727182,-0.386237,9.704030,5.942945,-1.011953,5.871771,-0.028511,0.091770,0.165401,-0.110318,-0.152712,-0.016507,0.018807,0.088801,0.019228,-0.002015,0.127651,,0.035712,,,,
73,1,0,,0.900844,0.890203,-0.010641,-0.021688,0.041290,-1.722049,0.012007,0.042345,-1.574359,0.084989,0.098996,-0.022770,0.130363,0.054403,0.331398,-0.259148,0.006204,0.022672,-0.172190,-0.001344,-0.417467,0.304902,0.017359,-0.031230,-0.052027,0.238363,0.005122,0.404830,-0.207501,0.073070,0.005209,-0.270514,-0.002656,-0.513425,0.281676,-0.019634,-0.010054,0.029256,-0.108000,0.049281,-0.073432,-0.051646,-0.066866,0.017463,0.098324,0.001312,0.095958,0.023227,0.036992,-0.021176,58.279888,-9.380101,16.329784,6.201583,29.516949,30.888447,25.794563,-16.081762,-1.667461,4.080849,3.621049,-7.103008,5.810080,-0.012610,0.070006,0.150808,-0.107317,-0.162586,-0.050647,0.048641,0.032586,0.021214,-0.005434,0.121596,,0.032070,,,,
74,1,0,,0.900555,0.890191,-0.010363,-0.021717,0.038608,-1.721620,0.011919,0.042349,-1.574142,0.094263,0.161687,-0.022615,0.130292,0.054589,0.331550,-0.259305,0.006156,0.022531,-0.172351,-0.001004,-0.418170,0.305169,0.017227,-0.031596,-0.050321,0.239151,0.005295,0.409431,-0.208612,0.071184,0.003658,-0.268464,-0.008958,-0.510626,0.274876,-0.031074,-0.009986,0.027706,-0.108859,0.049294,-0.077881,-0.050693,-0.065028,0.018872,0.096113,0.007954,0.092456,0.030293,0.048301,-0.021610,45.894806,-12.216940,15.446286,22.157070,24.957300,22.247139,11.341743,-8.568316,-3.286108,19.820469,-5.135923,-7.207156,5.764161,-0.017490,0.109062,0.121977,-0.093209,-0.116829,-0.064861,0.047112,0.018490,0.006716,-0.020671,0.079396,,0.027398,,,,
75,1,0,,0.900303,0.890172,-0.010131,-0.020661,0.035333,-1.721695,0.011839,0.042322,-1.574004,0.103377,0.161759,-0.022462,0.130213,0.054693,0.331741,-0.259477,0.006109,0.022390,-0.172688,-0.000738,-0.419225,0.305569,0.017110,-0.031919,-0.049602,0.239674,0.004912,0.414385,-0.209761,0.070666,0.003932,-0.267787,-0.008427,-0.510086,0.280198,-0.028495,-0.009946,0.027141,-0.109461,0.049780,-0.082644,-0.049716,-0.064557,0.018458,0.095098,0.007690,0.090861,0.025371,0.045605,-0.021973,9.598558,-23.958561,14.545435,1.659078,41.413578,33.057800,39.914894,-30.846157,6.919245,-7.621121,11.045415,9.849597,5.772437,-0.043384,0.075721,0.161846,-0.120536,-0.177734,0.004349,0.034851,0.064545,0.033736,0.006191,0.150085,,0.026143,,,,
76,1,0,,0.900121,0.890119,-0.010002,-0.018882,0.032545,-1.721460,0.011727,0.042168,-1.574405,0.116138,0.158832,-0.022263,0.130325,0.054315,0.332652,-0.260053,0.006039,0.022155,-0.173660,-0.001004,-0.421554,0.306459,0.016975,-0.031682,-0.049416,0.239538,0.004893,0.416514,-0.209278,0.069375,0.004274,-0.268472,-0.007073,-0.509825,0.283542,-0.026221,-0.009963,0.027153,-0.109212,0.049422,-0.083861,-0.050775,-0.063336,0.017882,0.094812,0.006070,0.088271,0.022917,0.043196,-0.021719,36.635044,-27.381168,14.646993,5.950721,37.764656,28.096046,14.297928,-14.027570,-3.547190,12.592646,-2.779937,-2.946146,5.736883,-0.026402,0.081255,0.146594,-0.104185,-0.133778,-0.033770,0.028185,0.057033,0.013342,-0.013814,0.106788,,0.027472,,,,
77,1,0,,0.899899,0.890061,-0.009837,-0.017148,0.030345,-1.722906,0.011615,0.041986,-1.574963,0.129352,0.144769,-0.022047,0.130499,0.053804,0.333781,-0.260758,0.005960,0.021887,-0.174717,-0.001425,-0.424053,0.307403,0.016830,-0.031252,-0.048545,0.239591,0.003192,0.417671,-0.208307,0.067484,0.003312,-0.270115,-0.011196,-0.507806,0.281866,-0.030379,-0.009980,0.026498,-0.109092,0.050612,-0.083890,-0.052452,-0.061524,0.018575,0.095398,0.009772,0.083753,0.025537,0.047210,-0.021272,50.124828,-15.335255,8.555600,-3.952986,28.267099,32.232204,16.332857,-24.543570,0.459030,-0.931829,-1.933215,-3.038371,5.753637,-0.014589,0.062744,0.157873,-0.118993,-0.156155,-0.044931,0.043404,0.024795,0.010584,-0.013698,0.105161,,0.014923,,,,
78,1,0,,0.899669,0.889995,-0.009674,-0.014937,0.027439,-1.725591,0.011503,0.041746,-1.575834,0.129854,0.236011,-0.021797,0.130794,0.053023,0.335346,-0.261724,0.005860,0.021553,-0.175946,-0.002155,-0.426892,0.308455,0.016667,-0.030437,-0.047802,0.238863,0.000178,0.418919,-0.207551,0.066318,0.002973,-0.271748,-0.014145,-0.507673,0.280389,-0.029998,-0.010025,0.026005,-0.108069,0.052845,-0.083573,-0.054173,-0.060458,0.018580,0.095802,0.011990,0.080781,0.028066,0.046664,-0.020412,35.772102,-23.417683,7.714234,0.383008,28.554037,31.930517,26.082462,-11.765273,-0.222731,-3.500933,-1.992915,2.612253,5.772483,-0.023114,0.072854,0.148666,-0.106091,-0.163814,-0.020664,0.031943,0.030542,0.019735,-0.016758,0.104007,,0.009469,,,,
79,1,0,,0.899338,0.889939,-0.009399,-0.012955,0.023188,-1.727523,0.011412,0.041537,-1.576754,0.147881,0.225994,-0.021589,0.131466,0.052197,0.337621,-0.263053,0.005762,0.021240,-0.177041,-0.002924,-0.429405,0.309351,0.016510,-0.029663,-0.046627,0.237614,-0.002140,0.421734,-0.207474,0.064447,0.002295,-0.271868,-0.015614,-0.508362,0.279233,-0.032599,-0.010088,0.025038,-0.106148,0.054337,-0.084113,-0.055579,-0.058684,0.018945,0.094827,0.012690,0.078956,0.030118,0.049109,-0.019575,54.009251,-30.161703,12.875002,7.010864,32.713150,31.338911,18.206795,-16.500069,-0.717350,-1.746327,-1.552769,-4.129467,5.816913,-0.009806,0.090147,0.141988,-0.109644,-0.163263,-0.049035,0.021782,0.041294,0.011602,-0.017292,0.103987,,0.016488,,,,
80,1,0,,0.898921,0.889889,-0.009032,-0.010967,0.018917,-1.728929,0.011331,0.041342,-1.577699,0.156175,0.247812,-0.021402,0.132327,0.051350,0.340251,-0.264564,0.005665,0.020938,-0.178070,-0.003713,-0.431756,0.310168,0.016357,-0.028909,-0.045295,0.237434,-0.003904,0.426331,-0.208062,0.062510,0.001098,-0.272043,-0.020456,-0.509011,0.275584,-0.038677,-0.010117,0.023893,-0.105108,0.055253,-0.086081,-0.056502,-0.056846,0.019840,0.093972,0.016743,0.077254,0.034584,0.055034,-0.018793,38.201542,-0.929541,9.855017,-5.505404,15.792511,31.246534,15.477484,-16.276976,-2.228102,-1.793810,-3.246078,-3.905728,5.829928,-0.019071,0.077638,0.138309,-0.108764,-0.162811,-0.057188,0.056446,-0.004595,0.008056,-0.029190,0.091410,,0.009862,,,,
81,1,0,,0.898586,0.889883,-0.008703,-0.007855,0.016177,-1.730102,0.011222,0.041336,-1.578366,0.163932,0.187918,-0.021240,0.133082,0.050755,0.342266,-0.265765,0.005605,0.020701,-0.178386,-0.004242,-0.432474,0.310290,0.016258,-0.028667,-0.044970,0.237574,-0.005291,0.428535,-0.207447,0.060271,0.000960,-0.273968,-0.023186,-0.511754,0.274203,-0.035781,-0.010085,0.023730,-0.104492,0.056046,-0.086269,-0.058318,-0.054666,0.019740,0.095582,0.018943,0.079280,0.036087,0.052040,-0.018582,21.484497,19.442236,13.175839,-32.502911,8.795341,32.239311,29.989790,-16.506598,4.658292,-11.221479,1.069446,6.849027,5.874277,-0.030596,0.023086,0.141215,-0.116748,-0.188974,-0.011577,0.077934,-0.017150,0.020811,-0.017165,0.106535,,0.013389,,,,
82,1,0,,0.898453,0.889887,-0.008566,-0.004457,0.015241,-1.730468,0.011092,0.041385,-1.578957,0.171630,0.186949,-0.021071,0.133671,0.050236,0.343823,-0.266738,0.005561,0.020472,-0.178572,-0.004712,-0.432859,0.310282,0.016181,-0.028541,-0.044896,0.237592,-0.005774,0.427079,-0.205037,0.058710,0.000718,-0.276162,-0.023604,-0.513350,0.273666,-0.032021,-0.010080,0.023825,-0.103922,0.056010,-0.083256,-0.061701,-0.053149,0.019754,0.097589,0.018891,0.080491,0.036616,0.048202,-0.018461,21.819588,-15.354860,14.085893,-11.525880,21.037264,31.064569,20.389362,-12.857001,-2.242236,2.924379,-1.522804,-0.032136,5.811076,-0.031151,0.053509,0.141461,-0.112638,-0.159013,-0.028480,0.040353,0.012830,0.012494,-0.027965,0.099227,,0.015454,,,,
83,1,0,,0.898245,0.889909,-0.008335,-0.001389,0.013696,-1.732579,0.010919,0.041545,-1.579395,0.183998,0.250106,-0.020888,0.133924,0.049869,0.344463,-0.267258,0.005550,0.020262,-0.178501,-0.005063,-0.432576,0.310012,0.016146,-0.028646,-0.043889,0.237730,-0.008278,0.427725,-0.204076,0.058928,-0.000891,-0.276530,-0.030642,-0.512573,0.273409,-0.035117,-0.010093,0.023001,-0.103805,0.058147,-0.083262,-0.063183,-0.053377,0.021153,0.098029,0.025580,0.079997,0.036603,0.051263,-0.018554,58.774849,-20.391874,9.057973,1.828052,16.019070,34.755760,20.282980,-19.117125,-2.857313,2.047712,0.813184,-3.984023,5.819203,-0.003621,0.083860,0.157457,-0.116316,-0.157311,-0.051530,0.035064,0.001162,0.006521,-0.042380,0.105122,,0.003166,,,,
84,1,0,,0.897880,0.889929,-0.007951,0.001889,0.011454,-1.736252,0.010770,0.041725,-1.579757,0.190422,0.276341,-0.020750,0.133824,0.049589,0.344313,-0.267385,0.005564,0.020112,-0.178480,-0.005375,-0.432345,0.309808,0.016139,-0.028765,-0.042551,0.237863,-0.012122,0.430264,-0.204366,0.058821,-0.001857,-0.276446,-0.035588,-0.512248,0.270816,-0.041403,-0.010088,0.021801,-0.104039,0.061711,-0.085951,-0.063019,-0.053257,0.021970,0.097966,0.030213,0.079903,0.038993,0.057542,-0.018677,38.725605,-5.044888,10.775548,-12.617459,13.865544,29.945910,20.108040,-7.372575,0.890206,-0.878417,-3.295830,-4.137063,5.766041,-0.016010,0.064355,0.135537,-0.104263,-0.163343,-0.060204,0.052412,-0.004466,0.010134,-0.036937,0.088301,,0.002371,,,,
85,1,0,,0.897406,0.889946,-0.007460,0.005233,0.010370,-1.736461,0.010633,0.041914,-1.580081,0.209872,0.195492,-0.020633,0.133547,0.049353,0.343769,-0.267316,0.005591,0.019992,-0.178484,-0.005669,-0.432140,0.309638,0.016148,-0.028891,-0.041462,0.239276,-0.012044,0.432568,-0.204215,0.055002,-0.002221,-0.275805,-0.036057,-0.510088,0.264223,-0.047123,-0.010036,0.020829,-0.105729,0.061397,-0.088800,-0.063101,-0.049411,0.022213,0.097321,0.030387,0.077947,0.045415,0.063271,-0.018855,35.584957,14.323570,24.333555,-22.024263,-0.309787,26.168507,6.275052,1.348176,-0.230427,5.025770,-3.464448,-2.752837,5.790744,-0.014236,0.051267,0.112285,-0.092910,-0.144939,-0.061960,0.077588,-0.034034,0.000839,-0.036194,0.075019,,0.023708,,,,
86,1,0,,0.896747,0.889942,-0.006805,0.009374,0.012074,-1.735640,0.010603,0.042050,-1.580201,0.219112,0.280121,-0.020647,0.133142,0.049296,0.342945,-0.267081,0.005623,0.020009,-0.178606,-0.005831,-0.432262,0.309702,0.016179,-0.028968,-0.040936,0.245585,-0.011750,0.438596,-0.205591,0.051501,-0.002520,-0.277623,-0.040351,-0.508708,0.261537,-0.051677,-0.009940,0.020289,-0.112443,0.061046,-0.095652,-0.061490,-0.045879,0.022529,0.099017,0.034519,0.076447,0.048165,0.067856,-0.019028,39.821152,26.659939,5.788519,-13.403491,-9.887996,30.834499,22.091766,-14.255621,-1.861126,-4.674203,-0.531405,-2.753184,5.688632,-0.016270,0.081813,0.127669,-0.118102,-0.166666,-0.064100,0.107177,-0.058173,0.010920,-0.047821,0.088927,,-0.001509,,,,
87,1,0,,0.896055,0.889936,-0.006120,0.013889,0.014647,-1.737475,0.010607,0.042172,-1.580211,0.229703,0.256393,-0.020706,0.132735,0.049330,0.342091,-0.266819,0.005654,0.020084,-0.178677,-0.005867,-0.432322,0.309767,0.016211,-0.029024,-0.040052,0.251292,-0.013342,0.442977,-0.206794,0.047593,-0.002530,-0.279685,-0.042415,-0.507600,0.261382,-0.053933,-0.009905,0.019345,-0.118557,0.062672,-0.100886,-0.060026,-0.041938,0.022614,0.101008,0.036548,0.075278,0.048385,0.070144,-0.019119,41.645325,8.913465,15.791498,-37.219795,-3.155735,29.354969,11.194825,-16.948568,3.143668,1.863099,1.205790,-0.108279,5.703934,-0.010659,0.033945,0.118178,-0.120010,-0.150664,-0.056580,0.088644,-0.044348,0.004615,-0.037877,0.094115,,0.008428,,,,
88,1,0,,0.895377,0.889924,-0.005454,0.018061,0.018950,-1.739425,0.010677,0.042267,-1.579998,0.251386,0.352399,-0.020854,0.132324,0.049544,0.341178,-0.266504,0.005687,0.020275,-0.178645,-0.005649,-0.432261,0.309832,0.016244,-0.029036,-0.038171,0.257026,-0.015315,0.444840,-0.207340,0.042612,-0.003981,-0.281454,-0.046671,-0.502963,0.259364,-0.060886,-0.009891,0.017316,-0.124702,0.064859,-0.103662,-0.059164,-0.036926,0.024256,0.102809,0.041022,0.070702,0.050468,0.077129,-0.019145,37.359207,18.179991,12.016726,-15.224871,-15.244504,24.224501,3.630654,-21.916292,-2.774663,11.239099,-2.113820,-6.362044,5.723422,-0.010558,0.074402,0.094086,-0.128237,-0.120147,-0.089641,0.108827,-0.066946,-0.006193,-0.055889,0.080418,,0.000593,,,,
89,1,0,,0.895103,0.889915,-0.005188,0.020586,0.021991,-1.740666,0.010734,0.042356,-1.579599,0.238805,0.182402,-0.021008,0.131952,0.049912,0.340237,-0.266147,0.005719,0.020483,-0.178464,-0.005272,-0.431910,0.309785,0.016292,-0.029008,-0.035814,0.260815,-0.013113,0.448124,-0.215128,0.039467,-0.006829,-0.281929,-0.048326,-0.494798,0.237349,-0.058849,-0.009873,0.014807,-0.128863,0.063025,-0.107886,-0.051019,-0.033748,0.027311,0.103465,0.043053,0.062888,0.072436,0.075141,-0.019135,36.388309,6.287481,11.488752,-3.880792,-15.236854,5.041292,-7.247754,4.612987,-17.358564,36.703087,7.138602,-20.994980,5.704452,-0.007535,0.099114,0.046563,-0.095675,-0.057978,-0.103231,0.091557,-0.093644,-0.019267,-0.078504,0.044061,,0.007013,,,,
90,1,0,,0.895344,0.889907,-0.005437,0.022054,0.025196,-1.741656,0.010785,0.042442,-1.579106,0.216520,0.216029,-0.021164,0.131601,0.050357,0.339283,-0.265770,0.005750,0.020699,-0.178208,-0.004815,-0.431414,0.309681,0.016349,-0.028959,-0.034629,0.262768,-0.002941,0.450522,-0.227881,0.037713,-0.009829,-0.281253,-0.049561,-0.487617,0.230341,-0.052786,-0.009877,0.013466,-0.131167,0.053298,-0.111238,-0.037889,-0.031963,0.030528,0.103045,0.044745,0.056203,0.079340,0.069135,-0.019082,40.077415,15.472610,3.624169,1.315296,-5.846644,1.066483,13.596077,2.670340,-14.543386,28.258411,-9.903259,-30.302633,5.700151,-0.006635,0.108544,0.038701,-0.097724,-0.072116,-0.117157,0.104016,-0.090001,-0.007199,-0.073102,0.034574,,0.012768,,,,
91,1,0,,0.895999,0.889897,-0.006102,0.023536,0.029335,-1.744753,0.010789,0.042502,-1.578524,0.199044,0.392867,-0.021282,0.131505,0.050887,0.338787,-0.265621,0.005767,0.020865,-0.177943,-0.004300,-0.430905,0.309589,0.016397,-0.028886,-0.034542,0.264793,0.008645,0.455217,-0.241518,0.033474,-0.012839,-0.279633,-0.053074,-0.477444,0.225639,-0.048465,-0.009816,0.013260,-0.133288,0.042242,-0.116431,-0.024104,-0.027707,0.033704,0.101690,0.048774,0.046540,0.083950,0.064862,-0.019069,33.516327,11.405722,-0.162667,17.245909,-5.066349,-4.836425,-4.102599,8.019071,-25.340672,46.374786,-15.457035,-32.524323,5.686455,-0.012311,0.147716,0.013898,-0.087409,-0.015479,-0.140128,0.100238,-0.103649,-0.023277,-0.101793,0.014956,,0.017814,,,,
92,1,0,,0.897189,0.889880,-0.007309,0.023898,0.033549,-1.753938,0.010764,0.042545,-1.577987,0.194249,0.588789,-0.021369,0.131444,0.051385,0.338422,-0.265619,0.005782,0.020991,-0.177664,-0.003836,-0.430402,0.309513,0.016437,-0.028812,-0.034096,0.265295,0.022265,0.463022,-0.255946,0.018514,-0.017891,-0.274912,-0.062797,-0.460669,0.217245,-0.046214,-0.009748,0.012727,-0.133851,0.029120,-0.124599,-0.009673,-0.012732,0.038882,0.097248,0.058961,0.030267,0.092268,0.062651,-0.019064,40.584286,14.864407,1.565615,4.996058,-5.999918,-12.812613,-3.222467,19.017378,-21.544933,32.766216,-21.656448,-34.537148,5.639062,-0.006064,0.139029,-0.038898,-0.065278,-0.012365,-0.143466,0.101429,-0.120736,-0.032831,-0.107667,-0.014293,,0.037382,,,,
93,1,0,,0.898498,0.889851,-0.008648,0.023829,0.038451,-1.765111,0.010684,0.042551,-1.577539,0.173621,0.601857,-0.021392,0.131450,0.051821,0.338323,-0.265908,0.005790,0.021035,-0.177356,-0.003477,-0.429912,0.309469,0.016458,-0.028737,-0.033870,0.266453,0.036738,0.472156,-0.271487,0.000808,-0.023546,-0.270993,-0.074566,-0.443888,0.208576,-0.047229,-0.009700,0.012478,-0.135003,0.015084,-0.133833,0.005578,0.004982,0.044581,0.093637,0.071088,0.013976,0.100893,0.063687,-0.019036,28.142689,30.097221,0.563637,2.787483,-6.953507,-9.235672,16.903399,27.193623,-15.576057,7.174351,-19.430422,-33.736488,5.587909,-0.015227,0.149149,-0.044462,-0.056386,-0.044875,-0.163063,0.122568,-0.139827,-0.025875,-0.109382,-0.016600,,0.049645,,,,
94,1,0,,0.899572,0.889819,-0.009753,0.023754,0.043014,-1.771510,0.010610,0.042480,-1.577306,0.163680,0.272041,-0.021411,0.131579,0.052057,0.338734,-0.266380,0.005790,0.021047,-0.177045,-0.003331,-0.429576,0.309520,0.016468,-0.028635,-0.033784,0.269170,0.048853,0.482747,-0.279508,-0.013470,-0.027902,-0.267445,-0.081391,-0.429593,0.201840,-0.050060,-0.009708,0.012373,-0.137591,0.003205,-0.144013,0.013128,0.019259,0.048949,0.090400,0.078060,0.000016,0.107680,0.066527,-0.018927,48.897903,24.308580,-0.097874,3.873583,-1.508231,-6.684648,16.847279,23.423962,-5.917054,13.430107,-10.504812,-32.487465,5.576278,-0.001905,0.164095,-0.049341,-0.056294,-0.022478,-0.153142,0.121920,-0.120919,-0.027187,-0.095161,0.000562,,0.059142,,,,
95,1,0,,0.900424,0.889787,-0.010637,0.023046,0.046018,-1.773060,0.010540,0.042370,-1.577179,0.160595,0.143702,-0.021429,0.131770,0.052194,0.339400,-0.266942,0.005785,0.021043,-0.176731,-0.003291,-0.429317,0.309620,0.016471,-0.028521,-0.032071,0.269138,0.052285,0.487215,-0.282055,-0.024106,-0.031543,-0.261620,-0.083127,-0.415540,0.196284,-0.052640,-0.009723,0.010642,-0.137369,-0.000091,-0.147816,0.015113,0.029891,0.052586,0.084889,0.079837,-0.013778,0.113336,0.069111,-0.018798,48.881958,13.081169,0.076686,-22.353785,-5.228804,-5.249985,8.106328,46.337627,-11.547165,-5.094559,-33.939407,-30.851688,5.613128,0.003524,0.103708,-0.050937,-0.021740,-0.042077,-0.144419,0.101038,-0.127258,-0.034991,-0.102874,-0.055036,,0.053372,,,,
96,1,0,,0.901006,0.889754,-0.011252,0.023366,0.048082,-1.775303,0.010494,0.042189,-1.577357,0.127527,0.232938,-0.021470,0.131979,0.052031,0.340411,-0.267598,0.005793,0.021043,-0.176487,-0.003538,-0.429349,0.309879,0.016494,-0.028431,-0.031141,0.266816,0.051620,0.483586,-0.282177,-0.024093,-0.033969,-0.257459,-0.085637,-0.406211,0.192833,-0.054138,-0.009713,0.009671,-0.134838,0.000411,-0.143175,0.014579,0.029887,0.055012,0.080972,0.082099,-0.023139,0.117046,0.070631,-0.018717,38.615471,16.183746,-1.081964,-14.378185,1.373261,5.170127,23.657042,46.801376,-22.332626,-29.146063,-41.706585,-31.921120,5.631443,-0.005735,0.098678,-0.007712,-0.021988,-0.089371,-0.149398,0.099625,-0.107947,-0.022595,-0.126811,-0.073975,,0.049453,,,,
97,1,0,,0.901332,0.889725,-0.011607,0.024917,0.049351,-1.780211,0.010457,0.042019,-1.577564,0.105697,0.277993,-0.021521,0.132139,0.051838,0.341327,-0.268188,0.005808,0.021057,-0.176251,-0.003814,-0.429384,0.310144,0.016533,-0.028409,-0.030896,0.265933,0.046623,0.480376,-0.279220,-0.017403,-0.035298,-0.255746,-0.090810,-0.401894,0.191052,-0.053561,-0.009705,0.009375,-0.133794,0.005215,-0.139049,0.011033,0.023210,0.056354,0.079495,0.086996,-0.027490,0.119092,0.070094,-0.018704,45.079277,28.712416,-2.804340,-7.110703,1.701165,5.090185,15.968452,51.447536,-21.047579,-17.051928,-37.319397,-32.424202,5.625469,0.000154,0.112791,0.004772,-0.019057,-0.072264,-0.155229,0.117594,-0.099914,-0.028103,-0.129487,-0.064439,,0.037078,,,,
98,1,0,,0.901636,0.889702,-0.011934,0.026209,0.049819,-1.786798,0.010436,0.041872,-1.577827,0.093819,0.373714,-0.021593,0.132204,0.051581,0.342054,-0.268645,0.005835,0.021096,-0.176029,-0.004147,-0.429425,0.310422,0.016606,-0.028525,-0.029897,0.265457,0.038259,0.477210,-0.275445,-0.012374,-0.036992,-0.254256,-0.097674,-0.398996,0.189547,-0.053023,-0.009741,0.008304,-0.133253,0.013322,-0.135156,0.006801,0.018209,0.058088,0.078226,0.093527,-0.030429,0.120875,0.069630,-0.018783,45.531715,0.947994,-0.801845,-6.576804,1.324548,1.975275,9.461027,26.985826,-16.864250,-5.806216,-34.448612,-33.623127,5.624663,0.003566,0.106483,-0.001330,-0.044693,-0.054103,-0.144346,0.085282,-0.096823,-0.035854,-0.130061,-0.055931,,0.029683,,,,
99,1,0,,0.901821,0.889690,-0.012131,0.027258,0.050458,-1.792664,0.010410,0.041774,-1.578045,0.082648,0.213840,-0.021667,0.132194,0.051362,0.342517,-0.268918,0.005868,0.021149,-0.175751,-0.004446,-0.429265,0.310592,0.016705,-0.028773,-0.029493,0.265343,0.035357,0.473971,-0.270909,-0.007059,-0.038583,-0.254071,-0.103824,-0.398327,0.189205,-0.052294,-0.009855,0.007827,-0.133149,0.016006,-0.131454,0.001991,0.012927,0.059732,0.078320,0.099378,-0.030938,0.121387,0.068998,-0.018918,39.484791,3.676751,-0.922211,4.848122,2.917895,4.327426,16.028147,-9.335709,-8.185248,6.835623,-8.820376,-31.383924,5.660843,-0.004837,0.126093,0.011440,-0.084141,-0.036011,-0.133802,0.089207,-0.087308,-0.031134,-0.121470,0.000743,,0.032693,,,,
100,1,0,,0.901958,0.889683,-0.012274,0.027310,0.051848,-1.795091,0.010382,0.041699,-1.578239,0.085648,0.136333,-0.021742,0.132147,0.051163,0.342850,-0.269099,0.005904,0.021208,-0.175444,-0.004728,-0.429005,0.310709,0.016815,-0.029088,-0.029009,0.265498,0.037181,0.471886,-0.268187,-0.009655,-0.040199,-0.253321,-0.106437,-0.396145,0.188880,-0.051544,-0.009921,0.007267,-0.133351,0.013983,-0.129037,-0.000913,0.015559,0.061408,0.077877,0.101709,-0.032860,0.121828,0.068359,-0.019167,33.631847,-0.547062,0.762607,6.777308,1.107849,-6.356255,-8.723456,-10.999526,-3.919693,31.897408,-6.049170,-29.604683,5.703132,-0.006666,0.129437,-0.032252,-0.083520,0.021760,-0.130957,0.085347,-0.092651,-0.050302,-0.114394,0.004190,,0.040618,,,,
101,1,0,,0.902065,0.889687,-0.012378,0.027008,0.054671,-1.795927,0.010315,0.041591,-1.578308,0.076551,0.144705,-0.021797,0.132259,0.051073,0.343442,-0.269316,0.005945,0.021247,-0.175015,-0.004901,-0.428521,0.310651,0.016932,-0.029366,-0.028747,0.265596,0.038201,0.468010,-0.267291,-0.008510,-0.041600,-0.253592,-0.107479,-0.393670,0.188782,-0.051046,-0.009986,0.006950,-0.133338,0.012872,-0.124568,-0.002024,0.014455,0.062847,0.078577,0.102579,-0.034851,0.121869,0.067977,-0.019380,27.939989,6.917373,4.282899,-9.861523,0.719204,5.198213,28.538671,8.959700,-13.754552,-9.694025,-20.908941,-31.923710,5.743344,-0.011473,0.090481,0.009282,-0.064740,-0.057333,-0.135708,0.093048,-0.094242,-0.025938,-0.130348,-0.027287,,0.045087,,,,
102,1,0,,0.902019,0.889691,-0.012328,0.026853,0.057495,-1.795425,0.010251,0.041463,-1.578284,0.075056,0.165855,-0.021871,0.132540,0.051056,0.344335,-0.269642,0.005981,0.021301,-0.174581,-0.004982,-0.428046,0.310572,0.017050,-0.029574,-0.028357,0.265610,0.038265,0.463038,-0.265572,-0.007915,-0.042462,-0.255110,-0.107173,-0.393898,0.190253,-0.050058,-0.010071,0.006486,-0.133071,0.012791,-0.118703,-0.004070,0.013896,0.063763,0.080528,0.102190,-0.034148,0.120319,0.067108,-0.019502,36.251999,0.753291,1.650179,3.735863,2.315512,-2.332843,1.875014,-16.766592,-7.738943,8.152554,-8.560026,-30.095295,5.784204,-0.003000,0.108440,-0.014539,-0.095933,-0.030219,-0.126457,0.086437,-0.087458,-0.043829,-0.118862,0.002924,,0.040838,,,,
103,1,0,,0.901957,0.889696,-0.012261,0.026481,0.060148,-1.793397,0.010197,0.041293,-1.578076,0.079172,0.169391,-0.021979,0.133160,0.051188,0.345831,-0.270188,0.006010,0.021386,-0.174141,-0.004882,-0.427593,0.310449,0.017170,-0.029638,-0.028257,0.265634,0.037436,0.460252,-0.264990,-0.003290,-0.042960,-0.255812,-0.105256,-0.393483,0.191860,-0.049364,-0.010167,0.006278,-0.132474,0.013752,-0.114421,-0.005198,0.009299,0.064347,0.081671,0.100374,-0.034110,0.118589,0.066533,-0.019471,31.181257,2.074022,-2.798527,2.459324,-0.011106,5.899806,22.252068,6.542293,-13.184158,3.057578,-15.141899,-34.082504,5.846426,-0.007957,0.109716,0.020542,-0.068510,-0.035155,-0.145199,0.087862,-0.095009,-0.030045,-0.124020,-0.010675,,0.032398,,,,
104,1,0,,0.901974,0.889701,-0.012273,0.025929,0.062708,-1.792665,0.010214,0.041153,-1.577567,0.084923,0.156150,-0.022204,0.134110,0.051605,0.347685,-0.270807,0.006041,0.021592,-0.173838,-0.004469,-0.427283,0.310285,0.017304,-0.029445,-0.027704,0.265650,0.034502,0.459597,-0.264101,-0.002683,-0.043644,-0.255978,-0.104657,-0.392299,0.193082,-0.049361,-0.010216,0.005500,-0.131540,0.017104,-0.111911,-0.006707,0.008723,0.065235,0.082140,0.100188,-0.034984,0.117203,0.066665,-0.019229,38.667496,2.579329,-2.780998,4.115731,2.055259,-3.206220,1.186118,4.945671,-16.835752,10.113968,-13.857775,-33.092834,5.892887,-0.001942,0.116238,-0.012852,-0.070771,-0.021667,-0.136048,0.088456,-0.087849,-0.045198,-0.131744,-0.005927,,0.027449,,,,
105,1,0,,0.902004,0.889706,-0.012298,0.025476,0.065000,-1.793297,0.010267,0.041026,-1.576907,0.091485,0.106936,-0.022487,0.135225,0.052166,0.349719,-0.271464,0.006073,0.021858,-0.173604,-0.003901,-0.427046,0.310102,0.017446,-0.029125,-0.027772,0.265659,0.033294,0.460895,-0.264329,-0.000499,-0.044211,-0.256159,-0.105423,-0.391768,0.194604,-0.049643,-0.010265,0.005286,-0.130434,0.018873,-0.111176,-0.007135,0.006572,0.066069,0.082555,0.101522,-0.035279,0.115498,0.067089,-0.018860,25.084015,22.088238,-0.526942,-0.596796,-4.141826,4.336302,29.097687,8.555916,-15.312500,-7.533659,-14.408984,-32.521252,5.904854,-0.013248,0.113477,0.014735,-0.067597,-0.055006,-0.145913,0.109305,-0.104638,-0.025178,-0.131264,-0.003122,,0.031920,,,,
106,1,0,,0.901902,0.889718,-0.012184,0.025034,0.066983,-1.791346,0.010476,0.041150,-1.575617,0.098315,0.162727,-0.023014,0.136629,0.053302,0.351356,-0.271744,0.006136,0.022412,-0.173690,-0.002682,-0.426826,0.309737,0.017647,-0.028679,-0.027808,0.265652,0.033974,0.460087,-0.261472,0.005527,-0.044101,-0.256372,-0.103509,-0.392490,0.197244,-0.049562,-0.010333,0.004794,-0.129023,0.019328,-0.108730,-0.010271,0.000609,0.066513,0.082681,0.100826,-0.034336,0.112493,0.067209,-0.018346,22.692930,7.270980,3.072615,-13.025798,2.772191,4.272331,43.024822,9.438287,-7.978580,-9.109049,-16.687281,-29.463924,5.924028,-0.013403,0.083566,0.025106,-0.066292,-0.059464,-0.132016,0.093843,-0.078712,-0.015939,-0.115263,-0.004606,,0.039393,,,,
107,1,0,,0.901768,0.889733,-0.012034,0.024331,0.069096,-1.788677,0.010746,0.041416,-1.574019,0.102220,0.105271,-0.023636,0.138155,0.054726,0.352797,-0.271872,0.006204,0.023077,-0.173854,-0.001163,-0.426498,0.309330,0.017863,-0.028794,-0.027433,0.265671,0.031283,0.457556,-0.257633,0.008495,-0.043848,-0.256442,-0.100829,-0.392836,0.199784,-0.049123,-0.010356,0.003797,-0.127517,0.023443,-0.104759,-0.014239,-0.002291,0.066925,0.082588,0.099666,-0.033662,0.109545,0.066986,-0.018438,36.255325,4.922530,-4.215991,4.085905,1.508316,0.124818,17.166239,15.148975,-15.612659,-0.346745,-29.500069,-33.099422,5.977360,-0.002787,0.109685,0.011489,-0.060689,-0.043195,-0.151028,0.090979,-0.079384,-0.033197,-0.124541,-0.030145,,0.021706,,,,
108,1,0,,0.901710,0.889757,-0.011953,0.023566,0.071259,-1.788653,0.011138,0.041965,-1.571802,0.105136,0.152375,-0.024448,0.139923,0.056725,0.353845,-0.271700,0.006284,0.023963,-0.174172,0.000958,-0.425955,0.308837,0.018111,-0.030031,-0.027438,0.265689,0.027575,0.456526,-0.254138,0.012437,-0.043847,-0.256651,-0.100859,-0.392873,0.201866,-0.049097,-0.010435,0.002990,-0.125766,0.029150,-0.102682,-0.017562,-0.006153,0.067809,0.082479,0.101818,-0.033083,0.106971,0.067207,-0.019596,29.406010,-0.355352,-1.319218,-0.761624,2.228871,4.121010,12.295935,0.285833,-12.552476,-5.446200,-24.792910,-30.744219,6.009750,-0.008549,0.102742,0.029226,-0.076540,-0.052062,-0.133527,0.085348,-0.073672,-0.035974,-0.120404,-0.022938,,0.022821,,,,
109,1,0,,0.901617,0.889806,-0.011811,0.022602,0.073305,-1.789474,0.011681,0.042779,-1.569020,0.109903,0.230456,-0.025411,0.140982,0.059285,0.352847,-0.270470,0.006364,0.025068,-0.174121,0.003620,-0.424370,0.307934,0.018373,-0.032928,-0.027786,0.265680,0.027523,0.456055,-0.252650,0.019151,-0.043854,-0.256878,-0.101746,-0.393006,0.203873,-0.048292,-0.010458,0.002375,-0.124698,0.031762,-0.103208,-0.017820,-0.012787,0.068922,0.082757,0.105365,-0.031364,0.104061,0.066665,-0.022470,16.979658,1.499230,4.296987,-0.418466,0.383421,5.160688,31.993828,15.777061,-17.657246,-6.745403,-25.910772,-33.045944,6.029347,-0.017896,0.104845,0.041052,-0.060212,-0.053797,-0.143442,0.087355,-0.080699,-0.023153,-0.130271,-0.023316,,0.034761,,,,
110,1,0,,0.901420,0.889867,-0.011553,0.022087,0.073816,-1.789710,0.012301,0.043726,-1.565954,0.111048,0.134226,-0.026450,0.141686,0.062126,0.350827,-0.268710,0.006445,0.026284,-0.173887,0.006551,-0.422262,0.306825,0.018642,-0.036656,-0.029013,0.264904,0.031289,0.455703,-0.250126,0.024372,-0.043161,-0.256978,-0.101931,-0.396014,0.207396,-0.047845,-0.010471,0.002563,-0.123217,0.030837,-0.104877,-0.018584,-0.017927,0.069444,0.083091,0.108481,-0.026248,0.099430,0.066487,-0.026185,17.732836,5.122361,2.963748,-7.165242,2.429570,2.599792,48.607845,40.466358,-8.019858,-36.030468,-34.254166,-31.264942,6.017040,-0.021829,0.092020,0.037024,-0.035769,-0.115707,-0.130926,0.088907,-0.069701,-0.008542,-0.114715,-0.035503,,0.040081,,,,
111,1,0,,0.901044,0.889938,-0.011106,0.021062,0.072564,-1.788665,0.013040,0.044771,-1.562567,0.106704,0.205532,-0.027625,0.142453,0.065311,0.348781,-0.266944,0.006516,0.027623,-0.173180,0.009774,-0.419289,0.305466,0.018917,-0.041660,-0.029410,0.264446,0.032377,0.456978,-0.243126,0.028317,-0.042681,-0.257006,-0.100698,-0.402272,0.212568,-0.046800,-0.010485,0.001785,-0.121993,0.032934,-0.108197,-0.023818,-0.021801,0.070303,0.083826,0.110472,-0.017017,0.092898,0.065716,-0.031175,18.567757,8.975130,-2.800688,2.630362,3.927526,2.365385,26.399773,16.258877,-14.407478,-14.116114,-32.411125,-32.033100,6.040944,-0.016938,0.116075,0.039735,-0.059709,-0.090751,-0.139692,0.094131,-0.053074,-0.025021,-0.124558,-0.022527,,0.028043,,,,
112,1,0,,0.900650,0.890006,-0.010644,0.020288,0.070788,-1.789593,0.013758,0.045746,-1.559484,0.116134,0.248248,-0.028750,0.142910,0.068231,0.346391,-0.265081,0.006606,0.028909,-0.172317,0.012709,-0.416106,0.304017,0.019214,-0.046268,-0.031020,0.264395,0.037416,0.460368,-0.233157,0.034685,-0.041935,-0.257130,-0.101502,-0.409246,0.217783,-0.045362,-0.010485,0.002270,-0.121485,0.030815,-0.113977,-0.031925,-0.028079,0.070845,0.084812,0.114211,-0.006860,0.086234,0.064576,-0.035783,8.119918,2.540096,3.925016,1.415749,4.014355,5.348918,45.425781,13.194695,-18.448641,-14.112917,-26.043257,-29.880381,6.047673,-0.031158,0.121295,0.058473,-0.062345,-0.098693,-0.123424,0.087078,-0.036798,-0.011154,-0.131111,0.000442,,0.049586,,,,
113,1,0,,0.900381,0.890066,-0.010315,0.019553,0.070332,-1.791103,0.014433,0.046584,-1.557012,0.108384,0.155837,-0.029773,0.142748,0.070621,0.343311,-0.263023,0.006732,0.030092,-0.171145,0.015068,-0.412501,0.302389,0.019556,-0.050082,-0.032348,0.264202,0.040556,0.461559,-0.236447,0.037192,-0.041314,-0.258881,-0.102953,-0.416297,0.222689,-0.046490,-0.010506,0.002574,-0.121454,0.030065,-0.118248,-0.026576,-0.030460,0.071405,0.087736,0.118022,0.003796,0.079700,0.066045,-0.039576,18.383427,18.957199,4.477736,-13.477112,6.152016,4.727623,36.291714,1.525733,-10.882113,-9.668681,-25.887022,-31.253979,6.025299,-0.022414,0.089047,0.050986,-0.081337,-0.099812,-0.133016,0.104340,-0.057659,-0.018170,-0.121366,0.004536,,0.049811,,,,
114,1,0,,0.900112,0.890103,-0.010009,0.017823,0.071069,-1.789514,0.014998,0.047260,-1.555736,0.114669,0.158547,-0.030682,0.142489,0.071918,0.340712,-0.261395,0.006988,0.031117,-0.170010,0.016337,-0.408968,0.300731,0.020013,-0.052404,-0.033466,0.264031,0.048427,0.457066,-0.237488,0.040952,-0.040880,-0.260443,-0.101242,-0.420941,0.226783,-0.047728,-0.010545,0.002784,-0.121541,0.023491,-0.116355,-0.023907,-0.033964,0.071997,0.090433,0.117579,0.011973,0.073948,0.067741,-0.041859,6.711018,12.357631,2.218959,-14.562013,-1.409326,4.149764,34.563732,18.937851,-11.180850,-14.727381,-33.433380,-29.383726,6.068190,-0.032748,0.070814,0.056543,-0.062230,-0.104358,-0.128073,0.096268,-0.071804,-0.017138,-0.117057,-0.016261,,0.059561,,,,
115,1,0,,0.899713,0.890129,-0.009585,0.015955,0.071779,-1.786509,0.015508,0.047855,-1.555057,0.111382,0.197798,-0.031533,0.142182,0.072668,0.338352,-0.259983,0.007310,0.032063,-0.168895,0.017060,-0.405471,0.299057,0.020527,-0.053978,-0.034848,0.263952,0.053448,0.451286,-0.239260,0.050122,-0.040111,-0.262714,-0.098069,-0.426892,0.231561,-0.048504,-0.010576,0.003315,-0.121770,0.019220,-0.112934,-0.020723,-0.042811,0.072174,0.093819,0.115129,0.021421,0.067496,0.069032,-0.043403,5.840905,6.390721,2.076942,-4.866509,16.215778,13.625314,33.871689,7.520036,-7.907060,-24.363283,-26.071375,-25.622364,6.068839,-0.034148,0.080599,0.094082,-0.080334,-0.134082,-0.110613,0.090728,-0.035856,-0.016260,-0.108667,0.010467,,0.059280,,,,
116,1,0,,0.899170,0.890128,-0.009042,0.014235,0.070906,-1.784180,0.015801,0.048376,-1.556118,0.114004,0.198452,-0.032261,0.142482,0.071781,0.337774,-0.259701,0.007887,0.032795,-0.168004,0.016168,-0.402021,0.297311,0.021281,-0.054520,-0.036194,0.261266,0.054324,0.448350,-0.243612,0.056312,-0.039206,-0.264875,-0.095515,-0.435340,0.237313,-0.048462,-0.010590,0.003933,-0.118785,0.017457,-0.110576,-0.016089,-0.048425,0.072001,0.096871,0.111683,0.033319,0.059998,0.069743,-0.043931,9.025717,-16.997078,-0.092606,11.907154,33.023357,12.399910,41.425045,4.667577,-7.056704,-14.576435,-24.581671,-21.169453,6.087380,-0.033206,0.113110,0.089959,-0.082381,-0.128057,-0.095529,0.055698,0.002780,-0.011737,-0.105059,0.021530,,0.054836,,,,
117,1,0,,0.897834,0.890114,-0.007720,0.014293,0.067667,-1.783865,0.015985,0.048898,-1.557637,0.144320,0.246864,-0.032914,0.143050,0.070449,0.337828,-0.259802,0.008535,0.033424,-0.167540,0.014819,-0.399255,0.295913,0.022099,-0.055337,-0.039404,0.254385,0.054982,0.443882,-0.251844,0.060977,-0.035420,-0.269458,-0.086005,-0.453458,0.247503,-0.041641,-0.010642,0.006490,-0.111334,0.015467,-0.106054,-0.007958,-0.052443,0.068844,0.101917,0.100824,0.054203,0.048410,0.063740,-0.044695,-11.795670,-39.705570,7.786811,14.638275,54.809261,20.159296,43.106010,-26.999552,3.952451,-34.904861,-0.798813,5.868319,6.097311,-0.055643,0.107428,0.112031,-0.129795,-0.214138,-0.016092,0.016339,0.095534,0.002988,-0.069412,0.091742,,0.067744,,,,
118,1,0,,0.896701,0.890074,-0.006627,0.015369,0.063683,-1.787619,0.015952,0.049422,-1.560073,0.071718,0.289146,-0.033416,0.144157,0.068226,0.339150,-0.260669,0.009323,0.033847,-0.167929,0.012555,-0.397858,0.295208,0.023047,-0.056703,-0.041257,0.247362,0.050865,0.439480,-0.254784,0.052327,-0.031419,-0.278934,-0.074932,-0.481123,0.260350,-0.037097,-0.010529,0.007841,-0.103205,0.017361,-0.100330,-0.005885,-0.043003,0.065266,0.111005,0.087488,0.083265,0.034858,0.060144,-0.046174,25.555248,-19.402117,1.780680,-3.966059,45.468433,35.593479,42.720081,-18.460224,3.481065,-18.477983,4.984630,0.282232,5.878505,-0.028074,0.073921,0.147890,-0.136431,-0.227502,-0.033022,0.035226,0.057892,0.003585,-0.060694,0.117909,,0.050818,,,,
119,1,0,,0.896500,0.889993,-0.006507,0.015513,0.060780,-1.796613,0.015681,0.049913,-1.563293,0.049317,0.365803,-0.033733,0.145864,0.065237,0.341968,-0.262441,0.010224,0.034012,-0.169600,0.009431,-0.398843,0.295789,0.024090,-0.059312,-0.041121,0.241556,0.041564,0.435729,-0.254105,0.047827,-0.029315,-0.289347,-0.064500,-0.507815,0.271556,-0.036602,-0.010525,0.007388,-0.095692,0.023673,-0.093761,-0.008337,-0.037602,0.063327,0.119747,0.073931,0.108972,0.024233,0.060691,-0.048787,43.548244,-13.931330,3.209207,-5.331922,41.541424,36.335846,45.821857,-14.809930,0.491129,-13.312905,6.838329,-0.174337,6.085855,-0.013470,0.067133,0.178596,-0.144145,-0.242576,-0.036701,0.036281,0.029436,0.003899,-0.055674,0.133688,,0.039600,,,,
120,1,0,,0.896498,0.889892,-0.006606,0.015789,0.059469,-1.806113,0.015291,0.050386,-1.566905,0.033995,0.250336,-0.033956,0.147871,0.061867,0.345535,-0.264666,0.011182,0.034048,-0.171911,0.005876,-0.401020,0.297014,0.025180,-0.062543,-0.041120,0.237185,0.031774,0.431642,-0.253218,0.047401,-0.025898,-0.299060,-0.049988,-0.529822,0.289187,-0.030816,-0.010535,0.007164,-0.089313,0.030092,-0.086107,-0.011448,-0.036220,0.059946,0.127148,0.055863,0.128801,0.007827,0.055996,-0.052009,25.730947,-19.319298,8.141746,-1.774539,46.500881,36.059673,61.893482,-22.561422,0.683777,-5.939640,10.561373,5.849934,6.075212,-0.024985,0.068407,0.175060,-0.159750,-0.238450,-0.005988,0.028132,0.052602,0.023188,-0.035684,0.171125,,0.037673,,,,
121,1,0,,0.896634,0.889715,-0.006919,0.016460,0.059113,-1.817461,0.014609,0.050725,-1.571926,0.025074,0.417241,-0.033936,0.151117,0.057170,0.352381,-0.268880,0.012290,0.033634,-0.177404,0.000716,-0.409447,0.301320,0.026374,-0.067066,-0.041073,0.232047,0.020121,0.424772,-0.251418,0.048680,-0.021662,-0.307482,-0.037773,-0.546130,0.303761,-0.025757,-0.010530,0.007137,-0.080930,0.037049,-0.072391,-0.017462,-0.036390,0.055296,0.130077,0.038489,0.136683,-0.002441,0.052131,-0.056536,43.920036,-18.277910,3.848969,-9.021954,43.512672,36.070953,50.224621,-15.792807,-1.774027,-7.083377,4.516832,0.951097,6.089524,-0.013157,0.041490,0.179122,-0.158460,-0.244490,-0.017810,0.020865,0.033848,0.020482,-0.031849,0.162435,,0.016897,,,,
122,1,0,,0.896867,0.889546,-0.007321,0.017311,0.058889,-1.829429,0.013873,0.051002,-1.577177,0.018417,0.271729,-0.033861,0.154255,0.052297,0.359349,-0.273295,0.013449,0.033162,-0.181854,-0.004669,-0.416024,0.304777,0.027622,-0.071545,-0.041061,0.226850,0.007931,0.417942,-0.249815,0.052549,-0.018365,-0.312871,-0.033906,-0.555427,0.306695,-0.019213,-0.010566,0.007199,-0.072595,0.044366,-0.058592,-0.023480,-0.039100,0.051527,0.131017,0.029237,0.139403,-0.001917,0.046836,-0.060979,16.086742,-14.625411,7.730251,4.155656,45.722878,34.919369,39.036690,-7.529387,-2.364452,-2.187295,0.814308,5.279523,6.089334,-0.030596,0.060263,0.164505,-0.149465,-0.227231,0.004019,0.021163,0.048203,0.014438,-0.035264,0.138588,,0.010921,,,,
123,1,0,,0.896955,0.889392,-0.007563,0.017020,0.057375,-1.840608,0.013029,0.051156,-1.582889,0.032570,0.344112,-0.033679,0.157178,0.047070,0.366561,-0.278112,0.014707,0.032571,-0.184215,-0.010508,-0.418900,0.306536,0.028979,-0.075938,-0.039545,0.221773,-0.003468,0.413961,-0.249633,0.056240,-0.017576,-0.313933,-0.035871,-0.557613,0.306541,-0.018836,-0.010614,0.005866,-0.064595,0.050538,-0.047399,-0.028479,-0.041533,0.050147,0.129719,0.025363,0.138713,-0.000004,0.047815,-0.065323,53.040649,-49.889690,6.911861,21.683601,46.594822,33.861813,31.567316,-28.965250,-1.247870,9.942349,-0.644184,-3.416510,6.148083,-0.002084,0.091606,0.161785,-0.163832,-0.192041,-0.030016,-0.022246,0.067108,0.003052,-0.040056,0.135252,,-0.001035,,,,
124,1,0,,0.896969,0.889231,-0.007737,0.017352,0.056813,-1.852389,0.011963,0.051117,-1.588888,0.048406,0.277375,-0.033268,0.160467,0.041631,0.375273,-0.283959,0.016091,0.031743,-0.185616,-0.016591,-0.420478,0.307664,0.030385,-0.077867,-0.038183,0.217543,-0.015480,0.409508,-0.249121,0.058639,-0.016249,-0.316647,-0.037327,-0.559781,0.306382,-0.018252,-0.010652,0.004915,-0.057077,0.057111,-0.034235,-0.034838,-0.042548,0.047992,0.131031,0.020736,0.139303,0.001282,0.048637,-0.067215,25.540501,-2.164523,8.262553,-17.265345,38.743916,35.171032,43.848679,-11.190342,1.549118,-13.768406,-1.526690,2.260087,6.148994,-0.019270,0.017127,0.174553,-0.154985,-0.242119,-0.009794,0.027934,0.024167,0.014888,-0.035797,0.133246,,-0.012070,,,,
125,1,0,,0.897123,0.889068,-0.008055,0.018585,0.058684,-1.859513,0.010787,0.050976,-1.595030,0.071049,0.185824,-0.032742,0.163937,0.036086,0.384734,-0.290321,0.017538,0.030797,-0.186538,-0.022797,-0.421409,0.308476,0.031815,-0.078564,-0.038141,0.215859,-0.022693,0.403772,-0.247088,0.060645,-0.012771,-0.320825,-0.029872,-0.563500,0.311278,-0.011827,-0.010684,0.005398,-0.051921,0.058779,-0.019038,-0.043233,-0.043107,0.043568,0.134287,0.007075,0.142091,-0.002802,0.043641,-0.067880,18.317528,-19.255955,9.658423,-1.449029,44.033993,33.355900,43.969509,-17.195616,2.792670,-4.676196,6.528701,5.662591,6.158776,-0.026908,0.037468,0.172685,-0.167153,-0.229736,0.012168,0.011903,0.061157,0.025740,-0.017059,0.165334,,-0.012928,,,,
126,1,0,,0.897244,0.888852,-0.008393,0.020265,0.059359,-1.865795,0.009099,0.050520,-1.600700,0.084153,0.224747,-0.031728,0.168509,0.031028,0.397281,-0.298421,0.019095,0.029370,-0.187494,-0.028466,-0.423554,0.309795,0.033263,-0.073266,-0.038386,0.213743,-0.029076,0.399573,-0.245762,0.063311,-0.008904,-0.322305,-0.021357,-0.564681,0.313635,-0.006273,-0.010684,0.006658,-0.045234,0.060104,-0.002292,-0.052659,-0.044216,0.038275,0.134811,-0.007108,0.141127,-0.003840,0.039536,-0.062582,5.106810,-34.865715,-0.078537,20.020742,49.465893,32.612522,41.236843,-14.942275,-0.889120,1.090928,2.174941,1.860462,6.182551,-0.036408,0.076013,0.169923,-0.159660,-0.213662,0.004896,-0.010520,0.085054,0.027036,-0.016409,0.149260,,-0.033366,,,,
127,1,0,,0.897133,0.888602,-0.008531,0.022657,0.059178,-1.874712,0.007278,0.049967,-1.605700,0.107883,0.333345,-0.030647,0.173282,0.026600,0.410338,-0.306747,0.020691,0.027891,-0.188602,-0.033474,-0.426490,0.311561,0.034724,-0.066651,-0.038565,0.212473,-0.038207,0.399108,-0.246465,0.065877,-0.005655,-0.323186,-0.017711,-0.564859,0.313206,-0.003369,-0.010686,0.007919,-0.039191,0.064807,0.011230,-0.060282,-0.045186,0.033546,0.134583,-0.015763,0.138369,-0.001646,0.038094,-0.055965,13.749403,-18.626553,2.270876,11.245000,47.175636,31.085974,39.446289,-15.380032,-0.184937,-3.214996,-1.838467,1.153098,6.169798,-0.029933,0.068972,0.163158,-0.162814,-0.220958,0.003239,0.011297,0.061440,0.026451,-0.015074,0.138593,,-0.040829,,,,
128,1,0,,0.896968,0.888284,-0.008683,0.024640,0.060588,-1.884951,0.005188,0.049228,-1.609359,0.135350,0.487092,-0.029430,0.178458,0.023429,0.424415,-0.315526,0.022365,0.026305,-0.190017,-0.037161,-0.431009,0.314221,0.036211,-0.057401,-0.037590,0.212422,-0.048679,0.397944,-0.246891,0.068037,-0.004798,-0.325153,-0.020073,-0.563707,0.310974,-0.006402,-0.010678,0.008160,-0.033964,0.072108,0.026471,-0.068634,-0.045672,0.031103,0.135136,-0.017088,0.132698,0.003247,0.042613,-0.046723,40.695911,1.907723,4.919470,-15.689018,33.406055,33.416363,25.602407,-10.810791,-0.743569,1.011476,-2.660088,-3.953324,6.183530,-0.008728,0.016741,0.186560,-0.161352,-0.208362,-0.022542,0.034455,0.007566,0.011772,-0.024360,0.131121,,-0.048657,,,,
129,1,0,,0.896789,0.887814,-0.008975,0.026236,0.061939,-1.892811,0.003131,0.048314,-1.610973,0.160606,0.308032,-0.028560,0.184512,0.022143,0.440202,-0.324880,0.024140,0.025078,-0.191323,-0.038889,-0.436478,0.318213,0.037738,-0.048957,-0.036046,0.212798,-0.056766,0.397608,-0.247497,0.070163,-0.004810,-0.324712,-0.023469,-0.559510,0.302891,-0.016086,-0.010652,0.007486,-0.028285,0.078909,0.042594,-0.077383,-0.046023,0.029888,0.133389,-0.015421,0.123032,0.015322,0.053824,-0.038305,46.236435,-2.772877,13.000917,12.065174,28.150442,31.784342,23.481232,4.187112,-2.142065,2.350664,-5.268398,-7.438762,6.154768,-0.003585,0.069603,0.154752,-0.138427,-0.194316,-0.050126,0.030625,-0.014060,0.009818,-0.029427,0.106162,,-0.041958,,,,
130,1,0,,0.896308,0.887268,-0.009041,0.028745,0.062315,-1.895851,0.001089,0.047312,-1.611563,0.187862,0.278220,-0.027863,0.191006,0.021799,0.456845,-0.334522,0.025966,0.024031,-0.192574,-0.039638,-0.442423,0.322872,0.039284,-0.040917,-0.035400,0.217369,-0.060011,0.406010,-0.251573,0.072013,-0.004177,-0.323513,-0.028969,-0.557582,0.297364,-0.021903,-0.010602,0.007536,-0.026363,0.081810,0.050834,-0.082949,-0.046047,0.028208,0.130939,-0.010669,0.115159,0.025508,0.061187,-0.030315,14.099483,2.835416,10.783493,23.358385,31.563673,31.096704,34.516811,-6.838245,-0.332656,-1.786648,-0.814817,-0.571175,6.129670,-0.025971,0.119015,0.161778,-0.150420,-0.208602,-0.028920,0.051333,-0.011753,0.019700,-0.034357,0.120077,,-0.045943,,,,
131,1,0,,0.895338,0.886499,-0.008840,0.031843,0.060106,-1.892539,-0.000854,0.046034,-1.609845,0.223209,0.385387,-0.027791,0.198032,0.023537,0.474677,-0.342992,0.027980,0.023536,-0.194803,-0.038242,-0.451723,0.329729,0.040988,-0.036959,-0.035117,0.223563,-0.056755,0.421237,-0.258178,0.068603,-0.003999,-0.318039,-0.038554,-0.553070,0.284772,-0.027950,-0.010571,0.007326,-0.025530,0.080292,0.053440,-0.084814,-0.040623,0.027536,0.123236,0.000312,0.101348,0.044957,0.068938,-0.026387,29.572582,-10.737363,22.055920,24.805807,32.254059,16.247507,6.374031,6.124451,-3.825372,11.133438,-7.938187,-5.274751,6.126740,-0.015555,0.150275,0.100616,-0.118566,-0.169507,-0.051079,0.042197,-0.015795,0.000078,-0.053232,0.073863,,-0.022385,,,,
132,1,0,,0.893878,0.885664,-0.008214,0.035366,0.054372,-1.885325,-0.002775,0.044553,-1.608350,0.248297,0.385875,-0.027822,0.204507,0.025055,0.492080,-0.351662,0.030088,0.023131,-0.197573,-0.037051,-0.462504,0.336992,0.042828,-0.033470,-0.034900,0.229307,-0.049850,0.441565,-0.266820,0.060370,-0.004310,-0.308497,-0.048859,-0.547382,0.277589,-0.033417,-0.010470,0.007077,-0.024800,0.074905,0.050516,-0.084842,-0.030282,0.027440,0.110924,0.011808,0.084877,0.059403,0.076245,-0.023001,22.021124,-16.490011,15.016025,38.078873,35.056866,16.521137,-4.240001,-9.595925,-8.951927,1.059733,-33.759792,-13.214985,6.035874,-0.020741,0.204665,0.090157,-0.121873,-0.183486,-0.064000,0.042768,-0.023416,-0.006876,-0.067606,0.041915,,-0.020937,,,,
133,1,0,,0.892025,0.884696,-0.007328,0.039158,0.050134,-1.883399,-0.004652,0.042663,-1.607301,0.274429,0.263647,-0.028058,0.209878,0.026132,0.508627,-0.360734,0.032386,0.022903,-0.201427,-0.036272,-0.476252,0.345070,0.044941,-0.030920,-0.034739,0.240098,-0.045506,0.468403,-0.278416,0.053974,-0.005668,-0.302208,-0.056957,-0.541957,0.287597,-0.039123,-0.010318,0.006681,-0.030221,0.071638,0.040224,-0.082318,-0.021588,0.028571,0.100782,0.020686,0.065706,0.057473,0.084064,-0.020603,25.271673,24.190050,11.216395,22.744402,7.131074,3.038771,-1.730172,3.114589,-18.551064,6.763161,-51.238674,-23.024828,5.979312,-0.018292,0.224142,0.052739,-0.109424,-0.165762,-0.105658,0.107935,-0.112214,-0.010830,-0.097368,0.011671,,-0.023944,,,,
134,1,0,,0.892171,0.883552,-0.008620,0.038663,0.046294,-1.885508,-0.006325,0.040102,-1.608230,0.267344,0.191513,-0.028466,0.213969,0.025453,0.524756,-0.370429,0.034902,0.022798,-0.207516,-0.037386,-0.495201,0.353809,0.047902,-0.026458,-0.033475,0.253944,-0.029149,0.502679,-0.300609,0.037028,-0.009207,-0.298122,-0.059118,-0.537770,0.283620,-0.033015,-0.010123,0.005010,-0.039975,0.054602,0.022077,-0.069820,-0.002126,0.032005,0.090606,0.021732,0.042569,0.070189,0.080917,-0.016335,43.121750,47.785378,-2.457825,19.802092,-14.223324,-19.988518,-19.533735,49.261070,-37.252144,31.252275,-52.712189,-33.614372,5.917123,-0.002189,0.272716,-0.040973,-0.056878,-0.121262,-0.130378,0.152922,-0.202993,-0.034776,-0.136018,-0.021473,,-0.016844,,,,
135,1,0,,0.893494,0.882318,-0.011176,0.036884,0.044612,-1.895863,-0.007892,0.037202,-1.610145,0.268874,0.525801,-0.028959,0.217421,0.023895,0.540678,-0.380434,0.037528,0.022754,-0.214723,-0.039448,-0.516754,0.362878,0.051286,-0.021040,-0.032381,0.270669,-0.014309,0.540770,-0.324394,0.012364,-0.015923,-0.293405,-0.069905,-0.526373,0.274630,-0.035444,-0.009923,0.003422,-0.053248,0.038205,-0.000093,-0.056040,0.025164,0.038678,0.078682,0.030457,0.009619,0.088249,0.086730,-0.011117,34.754169,40.236481,1.136115,12.836411,-4.195225,-12.843122,9.355369,8.055653,-26.326632,33.381672,-28.223269,-30.883099,5.706361,-0.008375,0.300913,-0.052714,-0.098086,-0.090471,-0.126675,0.164755,-0.195782,-0.025093,-0.127384,0.026581,,-0.000079,,,,
136,1,0,,0.894792,0.880554,-0.014238,0.035579,0.045979,-1.910263,-0.008345,0.032757,-1.614915,0.267064,0.557872,-0.030423,0.219803,0.019776,0.558452,-0.392360,0.040369,0.023360,-0.226625,-0.044887,-0.549507,0.374552,0.056205,-0.011907,-0.032337,0.287048,0.000671,0.569951,-0.344710,-0.002602,-0.022633,-0.292871,-0.085035,-0.516228,0.265457,-0.037383,-0.009852,0.001914,-0.067245,0.019105,-0.011499,-0.047650,0.042970,0.045992,0.066246,0.040148,-0.033279,0.109095,0.093588,-0.002056,39.029552,40.645950,4.977022,-12.397407,-9.578406,-4.022756,20.227968,27.808023,-17.426208,-2.540759,-34.616898,-31.207684,5.670242,-0.006974,0.258659,-0.029934,-0.084822,-0.150000,-0.133489,0.176933,-0.226933,-0.025580,-0.126802,0.008803,,0.021004,,,,
137,1,0,,0.895909,0.878515,-0.017393,0.033607,0.044787,-1.923534,-0.008240,0.027636,-1.620356,0.266435,0.405804,-0.032370,0.222252,0.014924,0.577868,-0.405232,0.043252,0.024266,-0.240652,-0.050169,-0.587369,0.387194,0.060346,-0.002245,-0.030749,0.295124,0.011148,0.583432,-0.355471,-0.015611,-0.029370,-0.289335,-0.098813,-0.506873,0.257522,-0.038739,-0.009848,-0.001622,-0.072872,0.003776,-0.005564,-0.049762,0.058864,0.053636,0.048683,0.048645,-0.080497,0.129672,0.099085,0.007604,40.877365,22.704792,-2.634214,-9.893794,-1.344693,-9.443481,-4.305711,30.269854,-7.170814,16.816816,-28.257574,-22.388651,5.633965,-0.000505,0.241604,-0.057501,-0.069763,-0.105001,-0.088183,0.149574,-0.198859,-0.048169,-0.121080,0.011106,,0.014049,,,,
138,1,0,,0.896678,0.875926,-0.020753,0.031523,0.042038,-1.931715,-0.007024,0.021169,-1.627145,0.250209,0.326274,-0.035286,0.224836,0.008604,0.600569,-0.419996,0.046220,0.025775,-0.258933,-0.055136,-0.635455,0.401770,0.062931,0.008477,-0.029434,0.299563,0.017238,0.589128,-0.356282,-0.026268,-0.034686,-0.284682,-0.107129,-0.500028,0.251922,-0.040109,-0.009883,-0.005851,-0.074727,-0.008634,0.011442,-0.063714,0.072489,0.060461,0.025750,0.051994,-0.135427,0.149849,0.103041,0.018360,25.382463,22.088228,-0.495353,-0.280455,-0.292617,-4.538314,3.772545,18.289984,0.063282,-2.760268,-22.320494,-23.382605,5.645906,-0.011143,0.251169,-0.050875,-0.078877,-0.142035,-0.092834,0.150598,-0.186909,-0.043387,-0.113038,0.025084,,0.021659,,,,
139,1,0,,0.897098,0.873130,-0.023968,0.029703,0.037412,-1.938504,-0.005510,0.013219,-1.635813,0.247684,0.331523,-0.038072,0.224443,0.000120,0.621043,-0.434945,0.049027,0.026112,-0.284203,-0.061323,-0.698265,0.411997,0.061775,0.019212,-0.028422,0.300977,0.017419,0.592977,-0.353558,-0.028505,-0.039221,-0.280219,-0.113912,-0.498028,0.249192,-0.041134,-0.009878,-0.009650,-0.076534,-0.017299,0.028066,-0.081387,0.077532,0.065333,-0.003984,0.052590,-0.200237,0.162805,0.102908,0.029091,44.299801,5.403825,-3.677992,9.303592,3.151748,1.404824,3.594805,18.546591,-19.036943,13.211888,-28.998760,-25.850691,5.667202,0.003872,0.267312,-0.025430,-0.071539,-0.118420,-0.102255,0.127010,-0.171086,-0.048060,-0.151725,0.010535,,0.010224,,,,
140,1,0,,0.897109,0.870232,-0.026877,0.029163,0.031049,-1.948118,-0.003793,0.004536,-1.645428,0.226510,0.261409,-0.040795,0.222560,-0.009448,0.640403,-0.449986,0.051752,0.025862,-0.312970,-0.068120,-0.768442,0.420048,0.058746,0.029954,-0.028084,0.300854,0.012405,0.599393,-0.343315,-0.018535,-0.043167,-0.278686,-0.123637,-0.504639,0.250215,-0.041541,-0.009988,-0.012710,-0.078294,-0.021853,0.041010,-0.106671,0.070287,0.069029,-0.034284,0.055517,-0.263803,0.169834,0.100287,0.039942,29.766699,-5.876908,0.125157,10.608973,6.409658,10.483156,32.363537,14.176117,-8.118256,-39.542988,-40.570553,-20.156496,5.701648,-0.009728,0.284258,0.023981,-0.083507,-0.248019,-0.088150,0.114797,-0.141243,-0.030899,-0.145292,-0.012847,,0.007831,,,,
141,1,0,,0.896096,0.866651,-0.029445,0.030157,0.021875,-1.953455,-0.000837,-0.006089,-1.657296,0.212363,0.519770,-0.044020,0.219581,-0.021357,0.662767,-0.467276,0.053222,0.025513,-0.347037,-0.072415,-0.850729,0.421690,0.062999,0.038419,-0.028645,0.300622,0.005718,0.610174,-0.330125,0.002076,-0.045240,-0.282296,-0.128834,-0.526760,0.259088,-0.041688,-0.010175,-0.015375,-0.081041,-0.027075,0.052594,-0.137151,0.051146,0.070753,-0.064742,0.056418,-0.323969,0.162602,0.104687,0.048594,17.457281,-0.685949,-1.406751,14.136686,3.867899,16.400591,21.240772,-17.207367,3.526617,-31.381269,-25.746483,-14.602450,5.784055,-0.019361,0.309597,0.070825,-0.130141,-0.286879,-0.073661,0.119936,-0.132858,-0.036675,-0.127829,0.047825,,-0.002599,,,,
142,1,0,,0.893431,0.863054,-0.030378,0.031965,0.012600,-1.955603,0.002380,-0.016777,-1.669876,0.213381,0.532644,-0.047205,0.214873,-0.033920,0.682881,-0.485386,0.054319,0.026257,-0.381376,-0.071902,-0.933210,0.422034,0.065578,0.046090,-0.030389,0.300523,0.003086,0.622010,-0.318611,0.029881,-0.045580,-0.296458,-0.126782,-0.569253,0.278149,-0.041499,-0.010355,-0.016816,-0.085650,-0.037006,0.060871,-0.166774,0.024438,0.071837,-0.084918,0.054881,-0.363957,0.143886,0.107077,0.056445,14.483647,-34.577911,4.880473,15.733866,4.411433,18.634651,38.052475,-52.094292,1.887762,-48.706326,-8.079819,5.335213,5.910295,-0.025442,0.324889,0.116893,-0.205250,-0.413483,-0.029832,0.082657,-0.122265,-0.020467,-0.120738,0.119450,,0.008969,,,,
143,1,0,,0.888272,0.859424,-0.028848,0.033080,0.003220,-1.958447,0.006012,-0.027617,-1.683852,0.275351,0.488897,-0.050307,0.206705,-0.047793,0.698489,-0.505135,0.054668,0.029191,-0.416257,-0.061766,-1.016077,0.419786,0.064809,0.052175,-0.030829,0.295535,0.003040,0.626529,-0.307675,0.061031,-0.043892,-0.322933,-0.111087,-0.635197,0.309077,-0.038423,-0.010548,-0.019479,-0.088830,-0.050833,0.071960,-0.197460,-0.006363,0.073083,-0.093324,0.049321,-0.380880,0.110709,0.103232,0.062723,46.099865,-72.526398,8.477073,2.491676,8.356429,24.188450,44.713333,-64.995476,11.193188,-37.101067,6.188105,13.016665,6.075081,-0.001363,0.286615,0.171031,-0.266021,-0.511804,-0.004939,0.022680,-0.086049,-0.010037,-0.076580,0.200995,,0.016189,,,,
144,1,0,,0.882519,0.856519,-0.026000,0.033086,-0.007274,-1.966015,0.008279,-0.037067,-1.696573,0.269503,0.315392,-0.052357,0.199964,-0.060068,0.714935,-0.523274,0.054917,0.035039,-0.448883,-0.039875,-1.088128,0.414420,0.052723,0.056042,-0.028822,0.284158,-0.004675,0.627030,-0.336800,0.062512,-0.038681,-0.352490,-0.080226,-0.704673,0.342522,-0.030989,-0.010347,-0.023535,-0.084194,-0.055393,0.087905,-0.186474,-0.007595,0.073721,-0.096392,0.040351,-0.383455,0.071899,0.083713,0.066389,65.510811,-68.678635,13.659716,-15.781686,42.643578,38.758034,72.273827,-61.781940,7.923600,-23.424009,13.407476,6.759400,4.874606,0.020563,0.261025,0.203646,-0.296638,-0.553714,-0.004915,0.009689,-0.083035,0.023762,-0.042705,0.250558,,0.012835,,,,
145,1,0,,0.880176,0.853977,-0.026199,0.033940,-0.018634,-1.983278,0.009901,-0.045822,-1.708666,0.292093,0.470017,-0.053880,0.193937,-0.071544,0.731798,-0.540608,0.055116,0.042347,-0.480379,-0.012104,-1.154766,0.407495,0.034977,0.058800,-0.021605,0.274390,-0.023214,0.632072,-0.338849,0.040787,-0.032315,-0.380924,-0.048940,-0.769843,0.378101,-0.024409,-0.010343,-0.032275,-0.080453,-0.048331,0.099726,-0.201759,0.014329,0.074661,-0.099456,0.036836,-0.384923,0.029394,0.059385,0.069142,122.482254,-48.035168,43.526115,-54.834923,11.984142,40.061512,104.869568,-68.599266,-6.435743,-29.108763,14.898786,2.280862,5.899171,0.075403,0.166359,0.234236,-0.330400,-0.624039,-0.010391,0.020540,-0.147099,0.047091,-0.034241,0.296714,,0.038045,,,,
146,1,0,,0.878992,0.852601,-0.026391,0.032274,-0.026536,-1.996321,0.009155,-0.052489,-1.715944,0.306902,0.186958,-0.053854,0.188630,-0.078397,0.746852,-0.554368,0.055143,0.054127,-0.505458,0.030475,-1.194980,0.404138,0.008053,0.057738,-0.013562,0.264942,-0.036656,0.631404,-0.339601,0.028841,-0.022594,-0.409691,-0.012504,-0.827662,0.402890,-0.021762,-0.010398,-0.040292,-0.076312,-0.041740,0.115448,-0.214767,0.026302,0.076721,-0.095767,0.042978,-0.367318,0.001248,0.029815,0.068136,88.534012,-28.949795,41.825417,-50.471294,-3.387966,39.752724,109.365311,-48.841694,-8.658129,-21.076227,4.551376,-0.673544,5.976157,0.062275,0.179836,0.220024,-0.332877,-0.645448,-0.020879,0.038343,-0.175775,0.073030,0.003514,0.273865,,0.017667,,,,
147,1,0,,0.878486,0.851466,-0.027020,0.028325,-0.034737,-2.004366,0.008008,-0.058278,-1.722630,0.305303,0.356322,-0.053421,0.181980,-0.084891,0.758383,-0.568174,0.055212,0.065797,-0.527071,0.074932,-1.222992,0.401016,-0.019837,0.056563,-0.004445,0.252713,-0.045536,0.627004,-0.339040,0.021796,-0.008637,-0.431276,0.027237,-0.872608,0.420847,-0.019992,-0.010401,-0.048976,-0.070733,-0.039355,0.131379,-0.229134,0.033416,0.074435,-0.095795,0.047696,-0.350383,-0.019832,0.000154,0.066963,126.586388,-64.561729,37.840492,-47.627926,-0.141788,42.122543,127.150177,-53.781864,-13.102683,-8.302452,9.563545,0.019018,5.951196,0.103184,0.172976,0.215684,-0.343832,-0.634647,-0.017028,-0.027411,-0.165292,0.104902,0.038077,0.299423,,0.011192,,,,
148,1,0,,0.878314,0.850813,-0.027501,0.021932,-0.041593,-2.008525,0.005992,-0.062307,-1.728127,0.328836,0.358887,-0.052175,0.172645,-0.090670,0.762868,-0.582072,0.055365,0.077247,-0.541752,0.123147,-1.226591,0.398362,-0.049658,0.055159,0.005876,0.241341,-0.049491,0.622282,-0.338709,0.018417,0.009048,-0.449088,0.066826,-0.908101,0.430625,-0.020966,-0.010391,-0.058051,-0.068696,-0.041179,0.140586,-0.243363,0.036948,0.068199,-0.092664,0.056320,-0.318489,-0.032263,-0.028692,0.065550,102.619896,-4.510509,36.209202,-48.660099,-14.612441,37.931782,116.704414,-29.428984,-19.144791,-20.228472,2.238222,-3.719991,5.963618,0.092986,0.163262,0.201958,-0.332053,-0.673729,-0.032181,0.039939,-0.198710,0.129334,0.068788,0.276079,,0.001688,,,,
149,1,0,,0.878214,0.850361,-0.027853,0.014967,-0.045767,-2.013719,0.003363,-0.065046,-1.733282,0.328769,0.383452,-0.050414,0.162272,-0.096074,0.764099,-0.593074,0.056036,0.084600,-0.553141,0.170084,-1.212744,0.395067,-0.078999,0.054207,0.017854,0.230423,-0.056402,0.615701,-0.338832,0.016543,0.028282,-0.465131,0.097858,-0.933950,0.431976,-0.024240,-0.010192,-0.068268,-0.068151,-0.039672,0.148398,-0.254242,0.039492,0.056318,-0.088010,0.072226,-0.278794,-0.036909,-0.054759,0.064400,106.647781,-62.317669,25.072611,-49.519676,-18.658262,39.411396,95.322891,-62.989101,-11.573666,8.929210,4.452037,-3.111993,5.461458,0.114407,0.151262,0.201140,-0.379417,-0.621920,-0.037061,-0.047787,-0.203773,0.135739,0.103202,0.272163,,-0.027307,,,,
150,1,0,,0.878400,0.850011,-0.028389,0.008695,-0.050126,-2.022148,0.000427,-0.067146,-1.738262,0.332723,0.203911,-0.048396,0.151379,-0.101291,0.763703,-0.602628,0.056964,0.089903,-0.562883,0.216383,-1.190169,0.391452,-0.108101,0.053482,0.028973,0.216531,-0.064136,0.607600,-0.340399,0.019092,0.049671,-0.474458,0.128034,-0.942978,0.418528,-0.024209,-0.010171,-0.077370,-0.065152,-0.037155,0.156103,-0.262229,0.037872,0.040232,-0.088425,0.088348,-0.247192,-0.027076,-0.083893,0.063653,21.181190,-23.175375,20.581711,-41.911983,-27.237896,36.460419,53.885788,-22.390501,1.732989,8.085720,-9.313200,1.879277,5.862596,0.065710,0.164835,0.168198,-0.331437,-0.591515,-0.018254,-0.011089,-0.227989,0.136625,0.156424,0.200679,,-0.039091,,,,
151,1,0,,0.878648,0.849561,-0.029087,0.005519,-0.051623,-2.028668,-0.001723,-0.067361,-1.742562,0.361812,0.210132,-0.047519,0.138438,-0.105477,0.758062,-0.609228,0.058209,0.083095,-0.575037,0.240644,-1.152652,0.387737,-0.107915,0.051885,0.036149,0.207330,-0.070107,0.604224,-0.345308,0.030178,0.071964,-0.480365,0.156171,-0.939803,0.394004,-0.023777,-0.010138,-0.083669,-0.068892,-0.035370,0.153838,-0.263919,0.028031,0.011131,-0.094671,0.084473,-0.212849,-0.006266,-0.084138,0.062023,-8.451977,-8.699285,10.749602,-46.890728,-27.813246,34.875401,10.431658,-26.351057,9.393620,5.195481,-7.430741,0.272257,5.864541,0.046428,0.160565,0.159680,-0.340392,-0.570151,-0.023534,0.004239,-0.244073,0.128992,0.193106,0.168198,,-0.059905,,,,
152,1,0,,0.878923,0.848863,-0.030060,0.003504,-0.050856,-2.035945,-0.003027,-0.066999,-1.745791,0.397110,0.241220,-0.047683,0.126060,-0.108572,0.753207,-0.616329,0.059421,0.073329,-0.588017,0.256887,-1.112888,0.383654,-0.103330,0.049009,0.042250,0.198567,-0.074971,0.599703,-0.351192,0.041875,0.089907,-0.484299,0.179893,-0.930058,0.376496,-0.025091,-0.010134,-0.089933,-0.072507,-0.033602,0.153505,-0.265138,0.017546,-0.016578,-0.103718,0.076994,-0.182830,0.007159,-0.078239,0.059143,17.687983,-31.156494,22.436167,-49.983753,-25.267834,32.929878,15.131031,-26.624662,7.244741,7.131163,-2.081190,-0.589444,5.885744,0.068792,0.134742,0.151772,-0.336564,-0.542039,-0.029107,-0.031075,-0.242544,0.138743,0.210030,0.179200,,-0.044418,,,,
153,1,0,,0.879171,0.847670,-0.031500,0.000126,-0.049542,-2.043320,-0.002637,-0.065469,-1.746875,0.442345,0.424668,-0.049928,0.114806,-0.109488,0.749925,-0.624437,0.060568,0.057643,-0.602651,0.257088,-1.068632,0.378835,-0.089949,0.043574,0.049655,0.187818,-0.077029,0.592404,-0.354584,0.052516,0.099531,-0.485797,0.193214,-0.915354,0.364199,-0.028133,-0.010161,-0.099583,-0.073012,-0.032459,0.157520,-0.269853,0.008052,-0.041888,-0.116854,0.063874,-0.153278,0.014636,-0.061816,0.053735,23.760948,-28.560913,22.734241,-38.706825,-21.252205,31.134121,7.444374,-32.606850,0.078395,13.637468,-4.511481,-2.363905,5.889875,0.082865,0.158721,0.147575,-0.341306,-0.504921,-0.038724,-0.043213,-0.231369,0.122463,0.202127,0.165553,,-0.048289,,,,
154,1,0,,0.879173,0.846636,-0.032537,-0.002436,-0.046375,-2.049913,-0.002318,-0.062915,-1.745380,0.463544,0.435969,-0.052358,0.102813,-0.108050,0.744064,-0.631154,0.061439,0.041750,-0.617687,0.252843,-1.021515,0.367808,-0.081784,0.035896,0.054563,0.178587,-0.072140,0.586507,-0.358438,0.061518,0.103309,-0.486342,0.194957,-0.894595,0.347921,-0.027555,-0.010140,-0.106921,-0.075773,-0.035910,0.157557,-0.272717,-0.000079,-0.061559,-0.131344,0.057885,-0.126920,0.019887,-0.054230,0.046036,-17.850660,-15.199561,18.564798,-34.844593,-11.796614,23.948563,-0.759274,-8.348498,6.029311,13.515816,-7.601876,2.840911,5.882713,0.050733,0.160905,0.134722,-0.316315,-0.472116,-0.017776,-0.034218,-0.217970,0.110985,0.205694,0.135429,,-0.039526,,,,
155,1,0,,0.878827,0.845682,-0.033145,-0.003334,-0.039428,-2.052001,-0.002027,-0.059850,-1.742595,0.509867,0.321254,-0.054880,0.090451,-0.105436,0.736913,-0.637177,0.062173,0.025752,-0.632923,0.246373,-0.972967,0.353674,-0.076228,0.027095,0.056054,0.174311,-0.055720,0.582973,-0.366634,0.062315,0.104332,-0.486474,0.191613,-0.868745,0.337246,-0.024192,-0.010101,-0.110934,-0.083860,-0.049717,0.153939,-0.270544,-0.000141,-0.078580,-0.146449,0.054760,-0.104222,0.016428,-0.052036,0.037196,8.305800,-4.503671,22.071011,-31.675714,-0.132744,17.206242,8.106949,-3.598876,2.383976,12.431417,-1.223252,2.407273,5.834544,0.063757,0.166901,0.101976,-0.310595,-0.436106,-0.013389,-0.016068,-0.207970,0.110404,0.192663,0.152075,,-0.006956,,,,
156,1,0,,0.877999,0.844504,-0.033495,-0.002173,-0.029952,-2.050288,-0.001302,-0.056321,-1.736903,0.547072,0.374283,-0.057661,0.076446,-0.100478,0.727720,-0.642525,0.062713,0.014294,-0.647788,0.238971,-0.927240,0.336537,-0.067337,0.015800,0.056424,0.174160,-0.038040,0.582205,-0.376166,0.061049,0.103335,-0.486531,0.182549,-0.841574,0.324027,-0.020783,-0.010082,-0.114085,-0.097714,-0.062438,0.145515,-0.266359,0.001664,-0.089040,-0.161257,0.056422,-0.085666,0.012510,-0.046554,0.025881,-33.861614,-11.008566,13.237471,-20.641224,2.240617,21.848450,-23.986979,0.033909,5.924139,4.967786,-8.428962,2.643637,5.777516,0.033869,0.197469,0.109616,-0.306516,-0.421473,-0.009990,-0.017855,-0.213890,0.083414,0.183605,0.111172,,-0.004406,,,,
157,1,0,,0.876750,0.843199,-0.033551,0.002572,-0.021195,-2.050096,-0.000472,-0.052454,-1.731123,0.584907,0.507150,-0.060369,0.061909,-0.095512,0.717750,-0.647973,0.062949,0.004193,-0.661533,0.232307,-0.882201,0.323263,-0.059287,0.004444,0.055388,0.172377,-0.025429,0.581529,-0.386520,0.060212,0.101370,-0.485941,0.173200,-0.817090,0.303886,-0.017204,-0.010097,-0.115757,-0.110468,-0.070083,0.136221,-0.261453,0.002736,-0.097177,-0.175592,0.059107,-0.065111,0.019377,-0.042084,0.014540,-61.810410,-34.050018,14.199505,-15.532523,18.476303,21.956148,-44.806263,-11.749667,18.275991,5.309112,-7.594912,4.039605,5.804649,0.012767,0.202928,0.108066,-0.317056,-0.402230,-0.002836,-0.051108,-0.189138,0.067144,0.197541,0.085615,,0.005741,,,,
158,1,0,,0.875031,0.841640,-0.033391,0.009776,-0.013919,-2.053236,0.000554,-0.047904,-1.725171,0.638051,0.659908,-0.062931,0.046308,-0.090532,0.706223,-0.653621,0.062577,-0.003195,-0.673036,0.227118,-0.838538,0.317720,-0.052922,-0.007033,0.054957,0.167399,-0.020708,0.579935,-0.397295,0.060592,0.096753,-0.485903,0.166146,-0.798516,0.295315,-0.018352,-0.010187,-0.117888,-0.121091,-0.069824,0.126288,-0.256326,0.001984,-0.099948,-0.187133,0.060971,-0.040023,0.022406,-0.034569,0.003155,-17.998226,-51.837692,20.302216,1.251884,24.089476,24.411295,-28.131866,-37.194527,8.892535,4.259397,1.147210,-1.764125,5.870884,0.043050,0.228897,0.117120,-0.346961,-0.401370,-0.026942,-0.078958,-0.188681,0.065705,0.174872,0.121393,,0.010442,,,,
159,1,0,,0.872744,0.839395,-0.033349,0.018471,-0.007715,-2.054884,0.002443,-0.043496,-1.719010,0.698568,0.521152,-0.066162,0.029972,-0.085305,0.695923,-0.661553,0.062461,-0.010077,-0.685714,0.214368,-0.804521,0.311065,-0.054200,-0.019227,0.054907,0.161264,-0.016246,0.578547,-0.408367,0.057927,0.091220,-0.485965,0.163840,-0.784906,0.290058,-0.022445,-0.010284,-0.121070,-0.131292,-0.069059,0.117375,-0.253186,0.004534,-0.101297,-0.199750,0.050528,-0.019615,0.021007,-0.031755,-0.008943,-28.607595,-37.361160,27.917879,-10.078189,31.153090,19.289986,-20.933697,-20.863895,11.226257,2.381022,-5.211722,-1.379454,5.927938,0.036263,0.207891,0.099073,-0.328679,-0.400507,-0.032061,-0.073254,-0.179953,0.064942,0.180456,0.098754,,0.029231,,,,
160,1,0,,0.869667,0.836808,-0.032859,0.028457,-0.000476,-2.051442,0.004776,-0.039169,-1.712738,0.761117,0.503371,-0.069728,0.013269,-0.079956,0.686236,-0.670626,0.062474,-0.016705,-0.698981,0.197836,-0.775329,0.303854,-0.059302,-0.031781,0.055170,0.159613,-0.010329,0.581985,-0.421045,0.053163,0.084367,-0.488327,0.159322,-0.777373,0.287605,-0.028849,-0.010354,-0.124898,-0.146343,-0.069627,0.104252,-0.249581,0.009311,-0.101072,-0.210654,0.038514,0.002044,0.016249,-0.030453,-0.021427,14.202440,-9.318644,19.564121,8.126529,18.891479,16.057598,-12.261829,-27.959728,-2.416028,-6.364047,-0.792721,-5.140491,5.974851,0.064153,0.258523,0.081417,-0.342922,-0.424439,-0.050783,-0.030001,-0.227830,0.059713,0.150453,0.115641,,0.024042,,,,
161,1,0,,0.864855,0.834029,-0.030826,0.039386,0.003899,-2.045307,0.008685,-0.036833,-1.703763,0.808182,0.497980,-0.074147,-0.003145,-0.072119,0.683356,-0.677718,0.061423,-0.019640,-0.710340,0.172089,-0.762812,0.300013,-0.053743,-0.048252,0.055275,0.161815,0.000671,0.599016,-0.441209,0.041944,0.075337,-0.488936,0.145862,-0.772959,0.287564,-0.034411,-0.010371,-0.129422,-0.164960,-0.072790,0.084340,-0.236509,0.019480,-0.094977,-0.221404,0.026228,0.010147,0.012449,-0.019331,-0.037881,-4.908524,-17.131756,12.344893,46.964451,18.411457,1.855399,-13.559358,-27.341864,-1.040847,10.605819,2.695538,-2.345379,5.978845,0.051941,0.383453,0.027987,-0.337978,-0.392515,-0.046793,-0.031919,-0.261582,0.044335,0.133141,0.123297,,0.031408,,,,
162,1,0,,0.858864,0.831315,-0.027549,0.049586,0.006075,-2.037632,0.012201,-0.034099,-1.694082,0.748971,0.236629,-0.077811,-0.019169,-0.063612,0.680492,-0.684219,0.059731,-0.021606,-0.719988,0.149186,-0.752431,0.296841,-0.048546,-0.065170,0.054024,0.172496,0.021553,0.639710,-0.470882,0.025705,0.066961,-0.489165,0.127391,-0.784291,0.302695,-0.041685,-0.010387,-0.131835,-0.191664,-0.085165,0.040782,-0.213337,0.034026,-0.088567,-0.230823,0.021794,0.031859,-0.005854,-0.006861,-0.054783,5.887227,5.121875,-5.511379,72.455360,-7.543828,-9.045435,-38.513458,-12.774136,-26.071613,82.884239,-7.907267,14.561735,7.201214,0.051310,0.544150,-0.015898,-0.329305,-0.366544,-0.051783,0.021489,-0.357827,0.038405,0.082342,0.137195,,0.042582,,,,
163,1,0,,0.856790,0.828731,-0.028059,0.053051,0.004425,-2.036235,0.014921,-0.030528,-1.682992,0.681762,0.769047,-0.079965,-0.034411,-0.053767,0.677662,-0.689539,0.056755,-0.021638,-0.726210,0.131972,-0.746323,0.295006,-0.044078,-0.082982,0.049567,0.185354,0.051543,0.701962,-0.498682,0.011851,0.062095,-0.492463,0.128466,-0.813983,0.328384,-0.051115,-0.010055,-0.129532,-0.219765,-0.105310,-0.024300,-0.190857,0.044904,-0.083733,-0.233748,0.003506,0.067661,-0.033378,0.007036,-0.072927,-0.144672,12.790621,-5.298358,58.501011,-7.611259,-7.842473,-14.547963,-6.618383,-38.497040,75.768448,-15.427575,3.173522,5.673772,0.037751,0.614719,-0.026626,-0.322253,-0.338751,-0.061370,0.042807,-0.388803,0.040482,0.056566,0.159066,,0.067710,,,,
164,1,0,,0.856079,0.826197,-0.029882,0.055684,0.003234,-2.038956,0.017717,-0.028166,-1.670025,0.652602,0.787301,-0.080804,-0.048703,-0.043022,0.679415,-0.693181,0.052314,-0.014731,-0.728285,0.130883,-0.749137,0.281015,-0.046616,-0.101238,0.042197,0.204452,0.072550,0.782598,-0.528248,-0.004649,0.055515,-0.490673,0.125252,-0.830477,0.346353,-0.058733,-0.009919,-0.123000,-0.253155,-0.115571,-0.103183,-0.164933,0.056962,-0.070246,-0.237613,0.005631,0.081340,-0.065338,0.012117,-0.091319,20.680021,38.408791,-5.667531,83.779694,-9.552472,-11.508499,8.271822,24.835333,-42.793545,86.525673,-15.308842,-0.429369,5.774490,0.038576,0.832281,-0.056890,-0.280473,-0.272189,-0.074363,0.103441,-0.424485,0.045548,0.037264,0.168228,,0.080171,,,,
165,1,0,,0.856489,0.823687,-0.032802,0.056663,0.000569,-2.035978,0.020557,-0.026433,-1.656118,0.636995,0.500534,-0.080985,-0.062520,-0.031826,0.683461,-0.695982,0.047139,-0.004354,-0.728285,0.137861,-0.756415,0.260943,-0.052659,-0.119715,0.034381,0.231124,0.087112,0.880143,-0.547876,-0.021285,0.051065,-0.480264,0.128606,-0.833827,0.358186,-0.064775,-0.009781,-0.115365,-0.293644,-0.118938,-0.196682,-0.148106,0.068424,-0.055419,-0.248021,0.009255,0.077412,-0.097243,0.012116,-0.109934,37.632442,43.168770,-1.300249,58.439373,-3.343670,-8.953364,29.574556,43.201118,-34.244881,68.181625,-26.681313,-6.759950,5.713560,0.039873,0.889886,-0.064933,-0.234584,-0.332868,-0.089894,0.147101,-0.409405,0.061634,0.067301,0.143583,,0.097884,,,,
166,1,0,,0.857421,0.822119,-0.035302,0.056488,-0.003577,-2.028484,0.022232,-0.021876,-1.642058,0.622114,0.518758,-0.078056,-0.069574,-0.021163,0.694819,-0.689798,0.040221,0.010405,-0.728285,0.163177,-0.779882,0.245033,-0.077561,-0.133630,0.027800,0.259276,0.094434,0.979262,-0.551590,-0.037845,0.048147,-0.464546,0.136236,-0.830085,0.366735,-0.069560,-0.009599,-0.105857,-0.328851,-0.115597,-0.284443,-0.138208,0.078066,-0.037742,-0.263739,0.026941,0.050203,-0.121702,-0.008001,-0.124031,29.013783,27.317238,-0.932507,59.949829,-0.710870,-10.005549,15.448073,19.794109,-30.780859,71.572327,-28.586170,10.566114,5.604383,0.030924,0.994903,-0.085734,-0.235851,-0.313559,-0.059517,0.159895,-0.383161,0.050669,0.088588,0.147597,,0.098588,,,,
167,1,0,,0.858686,0.820989,-0.037697,0.055210,-0.006658,-2.021353,0.023607,-0.017148,-1.628714,0.621267,0.417762,-0.074636,-0.073645,-0.010945,0.711376,-0.679436,0.033845,0.024077,-0.728285,0.186590,-0.804466,0.231188,-0.098384,-0.145806,0.023689,0.287910,0.090209,1.075624,-0.539194,-0.045663,0.044882,-0.448771,0.143274,-0.822814,0.372728,-0.072476,-0.009485,-0.098325,-0.361555,-0.101154,-0.364248,-0.140242,0.079509,-0.020805,-0.279514,0.043315,0.018347,-0.141540,-0.025908,-0.136321,31.000757,26.031528,-8.670778,48.559502,8.995686,-1.378276,12.453440,12.531557,-21.921864,75.217255,-29.306370,21.579695,5.490594,0.035783,1.035635,-0.056028,-0.226942,-0.288155,-0.030842,0.189216,-0.325226,0.045070,0.112449,0.147056,,0.072875,,,,
168,1,0,,0.860252,0.820732,-0.039520,0.052129,-0.008835,-2.009254,0.024318,-0.012042,-1.616815,0.629436,0.494725,-0.070233,-0.071745,-0.001616,0.738336,-0.660714,0.028555,0.035571,-0.728285,0.206191,-0.831286,0.221470,-0.111041,-0.154507,0.022196,0.315534,0.082507,1.161778,-0.512518,-0.050777,0.042603,-0.430603,0.155790,-0.809813,0.376367,-0.074813,-0.009390,-0.092429,-0.387279,-0.084122,-0.423442,-0.148196,0.079333,-0.007032,-0.297682,0.050401,-0.021473,-0.154897,-0.036229,-0.145116,33.312119,37.498260,-1.373459,24.588713,7.434363,-4.174880,20.149031,27.204662,-15.987913,66.448189,-30.517622,21.252718,5.483284,0.039630,1.048184,-0.068811,-0.186398,-0.289665,-0.030809,0.223233,-0.283031,0.050534,0.138707,0.146534,,0.076023,,,,
169,1,0,,0.861971,0.821181,-0.040791,0.048827,-0.009520,-1.996625,0.025616,-0.008369,-1.609393,0.627356,0.240745,-0.067103,-0.062642,0.004378,0.780530,-0.628447,0.023420,0.041882,-0.725635,0.215100,-0.857847,0.224645,-0.115512,-0.159230,0.022118,0.338884,0.070723,1.231076,-0.487157,-0.053138,0.040620,-0.412848,0.168410,-0.794331,0.378506,-0.076347,-0.009231,-0.089222,-0.401526,-0.066345,-0.450547,-0.141290,0.076559,0.001263,-0.312788,0.046691,-0.063516,-0.153861,-0.039165,-0.149999,17.295010,28.070589,-3.272777,14.850951,2.931432,-0.782035,8.163387,14.114690,-24.160442,50.234554,-34.321613,16.735062,5.361057,0.032887,1.058385,-0.056415,-0.186925,-0.305772,-0.042575,0.227957,-0.274739,0.040814,0.133904,0.135431,,0.055634,,,,
170,1,0,,0.863476,0.821984,-0.041492,0.046557,-0.007561,-1.988821,0.027200,-0.005416,-1.604209,0.639394,0.300033,-0.064611,-0.049934,0.008702,0.830345,-0.589403,0.018362,0.045601,-0.721660,0.218660,-0.884280,0.234270,-0.115886,-0.161965,0.022105,0.358222,0.054128,1.284149,-0.463386,-0.052118,0.038455,-0.400147,0.175850,-0.781239,0.380433,-0.077281,-0.009097,-0.086716,-0.408155,-0.045425,-0.453804,-0.126017,0.070481,0.007147,-0.321513,0.042810,-0.103041,-0.146163,-0.038605,-0.152868,34.920254,33.053379,4.991659,8.413332,5.744221,2.048887,14.676685,19.995514,-21.199583,32.152191,-31.761307,7.083173,5.304732,0.043857,1.065134,-0.044756,-0.177407,-0.344770,-0.065366,0.247823,-0.243941,0.042403,0.145941,0.145873,,0.049305,,,,
171,1,0,,0.864514,0.824049,-0.040465,0.044129,-0.005406,-1.985256,0.027969,-0.007399,-1.603429,0.632953,0.283320,-0.062011,-0.024253,0.009431,0.905687,-0.522977,0.010508,0.042408,-0.708558,0.213645,-0.903015,0.254180,-0.120857,-0.161041,0.022893,0.372230,0.035739,1.322907,-0.442165,-0.046290,0.035254,-0.390910,0.178792,-0.772889,0.383721,-0.077414,-0.008946,-0.084904,-0.396483,-0.026308,-0.417221,-0.080813,0.056798,0.007154,-0.317648,0.034853,-0.130126,-0.129542,-0.043443,-0.152095,41.342613,33.101341,3.156189,3.122807,3.094381,5.595781,-0.671266,36.289391,-29.415688,20.766220,-36.138245,-6.283613,5.190818,0.051940,1.061934,-0.023231,-0.158517,-0.366786,-0.092627,0.251052,-0.234745,0.026376,0.128638,0.134577,,0.025526,,,,
172,1,0,,0.865048,0.826812,-0.038236,0.042016,-0.003026,-1.984271,0.028455,-0.010963,-1.601910,0.672651,0.416198,-0.059417,0.007493,0.012830,0.990496,-0.446164,-0.004129,0.038921,-0.689937,0.209654,-0.915151,0.273309,-0.127576,-0.159769,0.023060,0.386244,0.018353,1.355943,-0.425877,-0.039973,0.032263,-0.385092,0.179223,-0.768968,0.388102,-0.077146,-0.008801,-0.082476,-0.378751,-0.005523,-0.365447,-0.020287,0.035845,0.006658,-0.304845,0.030431,-0.146183,-0.114793,-0.050430,-0.150968,39.045361,62.926811,8.797252,16.467072,2.638209,3.658851,38.977249,49.291859,-41.480808,20.936686,-28.845442,-26.705111,5.108213,0.049608,1.111729,-0.022783,-0.143740,-0.375107,-0.139590,0.305197,-0.226849,0.050671,0.086502,0.159585,,0.018839,,,,
173,1,0,,0.865121,0.830970,-0.034151,0.039811,-0.001461,-1.980992,0.028365,-0.017691,-1.598905,0.708525,0.494687,-0.056834,0.051373,0.021574,1.094245,-0.348570,-0.032337,0.034845,-0.660274,0.207713,-0.914084,0.290877,-0.137793,-0.157802,0.023062,0.403965,0.005469,1.388288,-0.409783,-0.039678,0.030576,-0.379960,0.182225,-0.767499,0.393390,-0.076587,-0.008627,-0.079897,-0.352592,0.016105,-0.294043,0.061213,0.007341,0.004270,-0.280315,0.025488,-0.146585,-0.102512,-0.061206,-0.149175,31.867662,71.261795,5.156654,6.185019,4.022765,-2.165663,16.343056,73.910179,-37.599640,11.997917,-31.954464,-21.383533,5.013981,0.044155,1.122332,-0.046839,-0.118954,-0.393507,-0.121818,0.334505,-0.205980,0.037719,0.105920,0.161179,,0.003662,,,,
174,1,0,,0.864976,0.835909,-0.029067,0.036027,-0.002984,-1.976208,0.027320,-0.026436,-1.599842,0.731151,0.519740,-0.055874,0.099686,0.034801,1.200828,-0.257501,-0.069615,0.027630,-0.624973,0.202364,-0.906680,0.307881,-0.143105,-0.149126,0.023066,0.422520,-0.002236,1.417863,-0.388745,-0.042040,0.027798,-0.372400,0.185957,-0.767276,0.399250,-0.075924,-0.008425,-0.078940,-0.322834,0.037037,-0.217035,0.131244,-0.027575,-0.000167,-0.252573,0.016407,-0.139404,-0.091369,-0.067181,-0.140701,22.645214,80.142044,3.384520,8.181442,5.593557,-1.592288,5.363404,71.504906,-47.343201,10.944844,-30.366262,-22.426538,4.893656,0.038228,1.149195,-0.049099,-0.104764,-0.397400,-0.128130,0.361039,-0.172853,0.024765,0.089483,0.171510,,-0.002278,,,,
175,1,0,,0.864592,0.841238,-0.023354,0.030578,-0.009197,-1.971132,0.025827,-0.036194,-1.602739,0.739437,0.565507,-0.055725,0.150216,0.050271,1.308827,-0.169695,-0.111430,0.018845,-0.586851,0.195311,-0.896106,0.324602,-0.145963,-0.137094,0.022673,0.441392,-0.005297,1.446763,-0.362346,-0.046538,0.023487,-0.361041,0.189266,-0.768863,0.405909,-0.075102,-0.008207,-0.078399,-0.291176,0.055569,-0.137936,0.192650,-0.064892,-0.004642,-0.225809,0.006045,-0.127243,-0.081307,-0.070861,-0.128887,15.702275,91.641434,0.377655,6.187171,7.030371,-3.615134,8.740962,108.261292,-45.926975,-9.836478,-31.670406,-25.301044,4.744961,0.032145,1.174723,-0.062355,-0.047804,-0.439842,-0.131900,0.406896,-0.136169,0.018797,0.093069,0.174059,,-0.006611,,,,
176,1,0,,0.863994,0.845498,-0.018497,0.024787,-0.016982,-1.964709,0.023954,-0.046298,-1.604021,0.736156,0.586810,-0.048445,0.211800,0.049230,1.416827,-0.126723,-0.132279,0.013735,-0.547675,0.193774,-0.884712,0.341268,-0.136173,-0.124546,0.021457,0.463017,-0.006371,1.469643,-0.338313,-0.051940,0.019861,-0.348351,0.194548,-0.771142,0.413033,-0.073966,-0.008012,-0.069902,-0.251217,0.055601,-0.052815,0.211589,-0.080340,-0.006126,-0.199324,-0.000774,-0.113570,-0.071765,-0.062208,-0.116534,16.017212,107.125458,-0.732270,-23.076393,1.105748,-3.315993,18.846941,69.047081,-43.980568,24.419426,-7.964516,-14.278887,4.630425,0.028778,1.129191,-0.067859,-0.073698,-0.380005,-0.106195,0.449164,-0.131821,0.024096,0.112141,0.234693,,-0.008313,,,,
177,1,0,,0.863495,0.849423,-0.014072,0.019450,-0.023256,-1.957397,0.022534,-0.056273,-1.604657,0.718492,0.561563,-0.038185,0.273197,0.042913,1.513178,-0.103791,-0.143333,0.009833,-0.508749,0.193644,-0.873510,0.357662,-0.126832,-0.113727,0.020259,0.487360,-0.008814,1.479555,-0.324817,-0.055922,0.017519,-0.336091,0.201842,-0.771571,0.419299,-0.072446,-0.007827,-0.058444,-0.214163,0.051728,0.033623,0.221026,-0.087411,-0.007686,-0.172658,-0.008198,-0.101940,-0.061638,-0.054386,-0.105900,24.997324,100.945030,-0.136972,-19.339994,-1.084750,-2.214890,23.330944,89.410736,-47.001312,16.796244,-13.255973,-27.049541,4.554429,0.033592,1.114304,-0.066056,-0.035964,-0.390101,-0.135035,0.465330,-0.140236,0.027614,0.098347,0.228145,,-0.011050,,,,
178,1,0,,0.863156,0.852678,-0.010479,0.016202,-0.030512,-1.951239,0.021996,-0.065985,-1.604026,0.706294,0.433847,-0.021964,0.334216,0.026042,1.586219,-0.120950,-0.134788,0.008345,-0.470325,0.196325,-0.862694,0.373512,-0.118388,-0.106369,0.020078,0.510569,-0.017381,1.477905,-0.321914,-0.052123,0.016994,-0.321959,0.207876,-0.770772,0.425131,-0.070580,-0.007695,-0.042043,-0.176353,0.043423,0.108314,0.200963,-0.082665,-0.008649,-0.148367,-0.011551,-0.091922,-0.051619,-0.047808,-0.098674,53.240387,87.468727,3.814262,-16.312124,-2.313976,5.432588,56.560974,66.142845,-54.896965,50.803967,0.391964,-35.341362,4.462797,0.053067,1.091821,-0.030052,-0.045354,-0.324322,-0.168064,0.465808,-0.156081,0.053340,0.062761,0.264003,,-0.018915,,,,
179,1,0,,0.863423,0.856144,-0.007279,0.016092,-0.036746,-1.952050,0.022554,-0.074965,-1.606774,0.677081,0.214953,0.002112,0.385239,-0.006213,1.620492,-0.135710,-0.117452,0.006026,-0.430783,0.195137,-0.849064,0.388291,-0.111076,-0.097898,0.022552,0.528625,-0.036719,1.458730,-0.325227,-0.043680,0.017177,-0.307794,0.206393,-0.767174,0.429170,-0.068245,-0.007624,-0.020441,-0.143386,0.030505,0.161763,0.189517,-0.073772,-0.011151,-0.122988,-0.011256,-0.081890,-0.040879,-0.042830,-0.090274,62.556679,58.914345,5.286822,-38.508076,-6.421995,5.794075,38.682034,41.831173,-49.227505,63.743504,1.086321,-32.006405,4.403036,0.071851,0.981616,-0.017098,-0.058778,-0.282450,-0.144991,0.440193,-0.176123,0.043049,0.069166,0.267087,,-0.045128,,,,
180,1,0,,0.864245,0.859716,-0.004529,0.016964,-0.040716,-1.955992,0.023695,-0.083575,-1.611225,0.667126,0.349077,0.030117,0.431261,-0.046165,1.635372,-0.149269,-0.095718,0.003291,-0.390680,0.192014,-0.834027,0.402534,-0.104329,-0.088871,0.026277,0.542309,-0.057207,1.420142,-0.330133,-0.036964,0.016958,-0.293889,0.201521,-0.760010,0.431709,-0.066317,-0.007608,0.003840,-0.111048,0.011042,0.215230,0.180863,-0.058755,-0.013667,-0.096791,-0.009507,-0.074016,-0.029175,-0.038012,-0.081263,58.757156,77.808807,12.490475,-44.302567,-5.383517,4.107186,25.524609,58.596943,-39.482090,53.580341,12.799287,-33.063606,4.415555,0.074139,0.894355,-0.018935,-0.029868,-0.289040,-0.151867,0.467820,-0.179278,0.032358,0.119370,0.292255,,-0.054427,,,,
181,1,0,,0.865154,0.861550,-0.003604,0.017015,-0.042476,-1.958338,0.022459,-0.092930,-1.616077,0.642670,0.417537,0.053119,0.470228,-0.080279,1.617415,-0.164366,-0.066378,-0.000688,-0.352982,0.188391,-0.824980,0.418918,-0.098612,-0.080968,0.032511,0.553185,-0.077063,1.365211,-0.336010,-0.028310,0.016207,-0.280076,0.198635,-0.750676,0.434200,-0.064120,-0.007649,0.020608,-0.082956,-0.003217,0.252204,0.171644,-0.038068,-0.016895,-0.072905,-0.010244,-0.074304,-0.015283,-0.034492,-0.073319,74.134148,46.090214,7.197690,-43.810959,-6.247175,7.021943,40.856842,31.869703,-31.556101,66.524559,14.713272,-30.723930,4.425995,0.098733,0.794269,0.001815,-0.044126,-0.244188,-0.146385,0.436541,-0.188729,0.039981,0.136958,0.300854,,-0.082476,,,,
182,1,0,,0.866027,0.862720,-0.003306,0.017960,-0.044274,-1.961518,0.020197,-0.101705,-1.621128,0.619056,0.345941,0.072895,0.505908,-0.110264,1.588740,-0.182870,-0.041506,-0.005291,-0.317176,0.184550,-0.818964,0.436829,-0.092913,-0.072569,0.042541,0.555963,-0.102551,1.294556,-0.343131,-0.017139,0.015903,-0.264849,0.194497,-0.740720,0.437462,-0.060974,-0.007747,0.030354,-0.050055,-0.007713,0.294184,0.160261,-0.024366,-0.021194,-0.052327,-0.009948,-0.078245,-0.000633,-0.031939,-0.064822,85.897415,24.934427,16.764114,-43.287643,-5.926950,7.839893,54.965538,45.604259,-38.124691,49.360336,3.246732,-33.185078,4.474938,0.123001,0.684153,0.018335,-0.008927,-0.267992,-0.152017,0.403612,-0.196121,0.050459,0.115147,0.279647,,-0.098519,,,,
183,1,0,,0.866643,0.862562,-0.004081,0.019219,-0.047286,-1.965935,0.015835,-0.109325,-1.626572,0.614766,0.223735,0.086215,0.535012,-0.131987,1.538622,-0.208192,-0.025576,-0.011143,-0.285158,0.180274,-0.819015,0.457797,-0.087249,-0.063178,0.054411,0.553159,-0.128512,1.216693,-0.344506,-0.006598,0.015749,-0.248391,0.189118,-0.732470,0.442369,-0.058356,-0.007877,0.031805,-0.018147,-0.003474,0.321930,0.136314,-0.018978,-0.026893,-0.036767,-0.008844,-0.086545,0.015428,-0.028893,-0.055300,70.467613,12.947069,10.193577,-19.894928,1.455561,6.111359,31.154602,45.949089,-36.293499,47.926682,1.379409,-32.845642,4.582572,0.128419,0.648712,0.022872,0.009464,-0.276414,-0.148224,0.378841,-0.170292,0.036178,0.110067,0.282667,,-0.134192,,,,
184,1,0,,0.866988,0.861591,-0.005397,0.020257,-0.050363,-1.972152,0.011491,-0.114503,-1.631577,0.620694,0.228390,0.088964,0.559732,-0.141954,1.469239,-0.228992,-0.012931,-0.016219,-0.254558,0.176613,-0.819623,0.480051,-0.081087,-0.053789,0.065843,0.549584,-0.150909,1.140842,-0.338471,0.005750,0.015295,-0.232030,0.181711,-0.725800,0.448651,-0.055311,-0.008005,0.023120,0.010149,0.008955,0.328398,0.109479,-0.018681,-0.031515,-0.022528,-0.005099,-0.093823,0.031400,-0.025775,-0.045784,61.967468,19.635307,9.804321,-20.097542,3.969165,8.405017,31.400005,39.743683,-44.210068,57.560612,4.568262,-32.953674,4.611533,0.133992,0.578987,0.045190,0.019223,-0.249527,-0.138510,0.383239,-0.148204,0.033967,0.086653,0.297296,,-0.153273,,,,
185,1,0,,0.867261,0.860212,-0.007049,0.020813,-0.052135,-1.976379,0.007157,-0.118470,-1.636358,0.624467,0.146529,0.086422,0.582259,-0.146040,1.390217,-0.247530,-0.001929,-0.020907,-0.224669,0.173258,-0.820509,0.502948,-0.074675,-0.044402,0.071564,0.549359,-0.157304,1.069159,-0.326983,0.012750,0.015320,-0.215311,0.176640,-0.717946,0.455420,-0.053408,-0.008095,0.014858,0.032900,0.011264,0.321058,0.079453,-0.014679,-0.036228,-0.009358,-0.003381,-0.102564,0.047529,-0.021266,-0.036307,35.804428,34.791328,4.127901,-21.239979,3.891265,2.142036,19.165239,49.741894,-31.821390,46.686371,9.862565,-32.222206,4.678728,0.103799,0.515573,0.025070,0.044459,-0.255905,-0.144379,0.405571,-0.129696,0.027571,0.111822,0.315291,,-0.152315,,,,
186,1,0,,0.867328,0.858822,-0.008507,0.020057,-0.052997,-1.979276,0.005921,-0.116998,-1.639448,0.627129,0.066450,0.072764,0.599290,-0.139257,1.286650,-0.242297,0.004811,-0.022085,-0.193414,0.171611,-0.811974,0.524063,-0.067752,-0.036834,0.075302,0.548958,-0.158470,0.997928,-0.307572,0.018014,0.014636,-0.197883,0.172903,-0.709364,0.462998,-0.051079,-0.008209,-0.002538,0.050332,0.019212,0.288723,0.065275,-0.013203,-0.036722,0.004469,-0.001291,-0.102610,0.061065,-0.016672,-0.028625,26.449051,-1.561123,-10.202918,-18.725948,8.384340,3.502122,-14.133404,11.385687,-16.586294,60.079014,2.801371,-25.543751,4.731438,0.102795,0.448477,0.034276,0.024674,-0.211666,-0.110918,0.365336,-0.086855,0.002424,0.143196,0.310254,,-0.177277,,,,
187,1,0,,0.867169,0.856824,-0.010345,0.018032,-0.050801,-1.978313,0.004330,-0.114088,-1.640769,0.609082,0.206303,0.056661,0.616002,-0.127428,1.181603,-0.238849,0.001903,-0.023041,-0.163163,0.171892,-0.804019,0.546023,-0.060731,-0.030605,0.076819,0.549229,-0.158980,0.927550,-0.279066,0.025464,0.013884,-0.180718,0.173307,-0.698330,0.470848,-0.047031,-0.008362,-0.020158,0.066774,0.031551,0.254053,0.040217,-0.023562,-0.036926,0.017556,-0.001415,-0.105689,0.075175,-0.013700,-0.022243,6.975817,-22.396072,-8.313449,-1.654182,9.030066,4.341872,-13.383862,-12.105115,0.905393,75.142189,9.038163,-23.232693,4.815645,0.081979,0.413991,0.048088,0.017689,-0.141382,-0.095722,0.343992,-0.042454,0.003934,0.175314,0.331042,,-0.172299,,,,
188,1,0,,0.866768,0.853611,-0.013157,0.014993,-0.046947,-1.971611,0.002046,-0.108292,-1.638557,0.560191,0.396605,0.035668,0.632079,-0.105503,1.073603,-0.238977,-0.020314,-0.023555,-0.134922,0.176032,-0.797228,0.569673,-0.053515,-0.027053,0.074019,0.549380,-0.153985,0.863351,-0.248474,0.028595,0.013154,-0.161498,0.179173,-0.684131,0.479231,-0.042002,-0.008431,-0.038351,0.082698,0.048481,0.210252,0.009497,-0.048909,-0.036708,0.026576,-0.003141,-0.113096,0.090442,-0.011514,-0.018623,-24.194134,-30.546150,-3.210429,6.391485,8.545782,-0.308496,-17.758167,-11.490647,-6.962248,73.529755,4.946987,-22.309656,4.854990,0.049594,0.381082,0.030187,0.042148,-0.134853,-0.088426,0.336402,-0.012950,-0.000857,0.173189,0.332699,,-0.153562,,,,
189,1,0,,0.866037,0.851363,-0.014674,0.011338,-0.043416,-1.967482,0.002219,-0.100384,-1.638856,0.477733,0.274176,0.014998,0.645325,-0.085617,0.965603,-0.220887,-0.036424,-0.022873,-0.106366,0.178032,-0.782907,0.586889,-0.046450,-0.022273,0.070125,0.546338,-0.148835,0.809251,-0.221352,0.031699,0.011169,-0.140235,0.180988,-0.668678,0.488026,-0.033055,-0.008428,-0.055127,0.098987,0.063218,0.156352,0.000465,-0.068123,-0.034042,0.033869,-0.002957,-0.114229,0.098862,-0.013395,-0.013845,-12.770176,-33.476589,-2.469264,17.005636,7.319866,2.697379,-30.832335,-0.115221,-20.296158,55.971363,-11.874351,-17.391926,4.873021,0.053553,0.368890,0.044053,0.079629,-0.164557,-0.058925,0.319809,0.003883,-0.013523,0.146089,0.305383,,-0.149343,,,,
190,1,0,,0.865066,0.849598,-0.015468,0.006489,-0.041398,-1.962524,0.003603,-0.091419,-1.640396,0.387713,0.765026,-0.005510,0.657155,-0.066750,0.857604,-0.193682,-0.049479,-0.021594,-0.077650,0.178962,-0.764819,0.600884,-0.039460,-0.016877,0.062019,0.545117,-0.135440,0.775912,-0.208930,0.036069,0.008662,-0.115312,0.185100,-0.651798,0.497319,-0.026591,-0.008356,-0.067530,0.112038,0.068691,0.081692,0.015248,-0.085548,-0.030255,0.037662,-0.006138,-0.113021,0.103566,-0.012870,-0.008521,-49.480198,13.167161,-11.073706,29.515221,1.080432,1.881186,-34.392715,28.714960,-12.591627,34.217228,-29.526888,-12.711180,4.835796,0.006114,0.413134,0.046914,0.141804,-0.193538,-0.046089,0.379918,-0.024089,-0.019584,0.169189,0.273036,,-0.140212,,,,
191,1,0,,0.863176,0.847378,-0.015798,0.001859,-0.042677,-1.959408,0.003584,-0.084295,-1.651060,0.316485,0.638240,-0.009015,0.651792,-0.066288,0.749604,-0.154160,-0.054144,-0.022068,-0.054676,0.171068,-0.756513,0.613734,-0.032820,-0.004872,0.051564,0.545742,-0.126304,0.766925,-0.204555,0.044141,0.006932,-0.089111,0.186195,-0.640204,0.509757,-0.019335,-0.008163,-0.060579,0.106050,0.060016,-0.017321,0.050395,-0.098285,-0.029000,0.034435,-0.015127,-0.116308,0.103978,-0.013485,0.003291,-29.327673,11.339615,-9.342172,42.083305,5.248275,5.058143,-38.887352,25.034325,-21.706150,0.629578,-46.684250,7.005188,4.728590,0.009631,0.480674,0.069552,0.164717,-0.265976,0.001802,0.378931,-0.017095,-0.021905,0.148899,0.251301,,-0.135713,,,,
192,1,0,,0.859508,0.844854,-0.014653,-0.001793,-0.045824,-1.970180,0.002641,-0.078307,-1.663240,0.302220,0.423382,-0.009240,0.638705,-0.070936,0.643477,-0.119906,-0.053446,-0.022859,-0.033525,0.161937,-0.753303,0.626123,-0.026123,0.007731,0.043299,0.545843,-0.124214,0.776348,-0.203235,0.059176,0.008150,-0.072576,0.174580,-0.648119,0.529605,-0.008979,-0.007953,-0.052539,0.092862,0.053278,-0.132871,0.083328,-0.112622,-0.031009,0.039051,-0.012642,-0.105184,0.096518,-0.017144,0.015685,-3.552977,-14.584497,8.847987,35.577877,2.834898,12.459454,31.854259,-13.468044,-11.939703,-29.312366,-46.436058,15.668435,4.369526,0.022744,0.513631,0.111738,0.117879,-0.376598,0.038829,0.350859,-0.027165,0.033022,0.145865,0.265515,,-0.109895,,,,
193,1,0,,0.853523,0.841723,-0.011800,-0.007992,-0.049167,-1.988429,-0.000061,-0.074620,-1.678469,0.350150,0.533091,-0.002908,0.610164,-0.085805,0.541097,-0.096198,-0.042016,-0.024284,-0.016025,0.150336,-0.760291,0.637590,-0.019310,0.021533,0.035620,0.543870,-0.107920,0.786353,-0.204737,0.080184,0.010356,-0.070343,0.159047,-0.682424,0.558939,0.004457,-0.007998,-0.038528,0.066294,0.022115,-0.245256,0.108540,-0.122201,-0.034640,0.054318,-0.008710,-0.077867,0.078651,-0.023767,0.029531,1.637273,-23.897366,10.205227,-11.981978,-4.455416,14.080502,4.522055,-6.569462,12.416926,-86.081039,-41.345943,24.709595,4.584756,0.018754,0.434719,0.143875,0.103358,-0.625016,0.086534,0.333883,-0.046972,0.017655,0.168280,0.331595,,-0.076328,,,,
194,1,0,,0.847697,0.838711,-0.008986,-0.012810,-0.056999,-2.004860,-0.002062,-0.072944,-1.689450,0.377588,0.581044,0.001614,0.600101,-0.098182,0.503416,-0.087926,-0.024442,-0.023110,0.000002,0.143658,-0.773157,0.642865,-0.011443,0.029682,0.034031,0.536633,-0.097540,0.809361,-0.216184,0.078208,0.014317,-0.079386,0.137182,-0.748541,0.592428,0.028755,-0.008370,-0.032417,0.063468,-0.000642,-0.305945,0.128258,-0.102650,-0.037427,0.079388,0.006476,-0.024616,0.050437,-0.040199,0.038052,-24.098190,-68.014946,48.654652,-69.060471,29.466633,37.259811,48.966507,-40.208992,-0.111112,-96.018806,7.813497,20.271969,5.130476,0.026999,0.355542,0.185567,0.038388,-0.917765,0.114742,0.269342,-0.038848,0.058681,0.113778,0.487415,,-0.000572,,,,
195,1,0,,0.845147,0.835760,-0.009387,-0.008493,-0.069171,-2.016031,-0.003698,-0.072274,-1.698304,0.438466,0.685119,0.005229,0.599283,-0.109311,0.498105,-0.087377,-0.003792,-0.020637,0.015292,0.139443,-0.788963,0.645042,-0.003050,0.035003,0.034105,0.522672,-0.110408,0.837637,-0.246264,0.065569,0.020991,-0.097940,0.103024,-0.839669,0.620513,0.051017,-0.008698,-0.028876,0.076612,0.001097,-0.339531,0.158886,-0.069361,-0.041628,0.113233,0.036419,0.050706,0.024529,-0.054066,0.043701,29.479263,-73.364021,56.818546,-69.962532,15.617022,40.326847,63.656811,-52.954964,-4.561877,-70.068291,11.064945,9.118115,4.980588,0.053817,0.341336,0.211324,-0.014140,-1.091459,0.103064,0.227830,-0.082575,0.078970,0.065897,0.518340,,0.039884,,,,
196,1,0,,0.843702,0.833590,-0.010112,-0.002828,-0.080715,-2.029751,-0.003436,-0.074662,-1.710217,0.503332,0.389673,0.011131,0.598526,-0.118148,0.530912,-0.061031,-0.007070,-0.014239,0.024803,0.129766,-0.817080,0.634052,0.007039,0.041857,0.033659,0.504613,-0.125690,0.854419,-0.269468,0.058431,0.028504,-0.125332,0.073533,-0.937488,0.629948,0.066027,-0.009052,-0.022528,0.093913,0.007543,-0.323508,0.208437,-0.065501,-0.042743,0.150135,0.056233,0.120408,0.004104,-0.058988,0.050909,30.765188,-49.660259,56.528023,-69.614914,10.189123,38.861729,73.749939,-63.332260,1.578030,-60.958981,-0.174724,7.570563,5.147868,0.052970,0.312189,0.204624,-0.063473,-1.112093,0.103273,0.240457,-0.106655,0.094566,0.053127,0.463630,,0.029215,,,,
197,1,0,,0.842833,0.831901,-0.010933,0.001329,-0.088916,-2.041484,-0.001902,-0.079212,-1.722199,0.552704,0.134562,0.015427,0.598021,-0.125504,0.570306,-0.038107,-0.011257,-0.006133,0.030341,0.117630,-0.854606,0.614715,0.017628,0.048826,0.033443,0.488929,-0.138438,0.865370,-0.287839,0.053117,0.037941,-0.159605,0.062151,-1.034001,0.625551,0.073849,-0.009350,-0.018016,0.109092,0.012934,-0.295064,0.249732,-0.064374,-0.044074,0.189946,0.055479,0.179395,-0.010836,-0.056221,0.058177,46.724937,-39.000072,54.468418,-74.194603,2.577437,39.796978,75.140488,-45.792019,4.686599,-66.853493,-2.898067,2.671975,5.338167,0.064110,0.237601,0.196794,-0.093336,-1.073184,0.089568,0.238759,-0.136549,0.109091,0.062312,0.440295,,0.003046,,,,
198,1,0,,0.842383,0.831172,-0.011211,0.002440,-0.095430,-2.047878,0.002206,-0.088059,-1.734345,0.592876,0.536149,0.016507,0.598021,-0.129901,0.622874,-0.022038,-0.017254,0.005391,0.027932,0.100572,-0.910960,0.578679,0.029219,0.056024,0.033437,0.475678,-0.145074,0.873607,-0.302848,0.048591,0.048297,-0.195185,0.066180,-1.125990,0.619643,0.076127,-0.009627,-0.016929,0.122343,0.015173,-0.250732,0.280810,-0.065845,-0.042907,0.223117,0.034392,0.215029,-0.040964,-0.046907,0.065651,41.869354,-21.016205,56.604919,-77.132378,5.521684,35.987431,71.796227,-32.608913,-2.173384,-48.920940,-1.524021,0.035843,5.500634,0.061168,0.159029,0.180226,-0.112952,-1.075281,0.078063,0.251973,-0.140080,0.119977,0.066587,0.437859,,-0.005623,,,,
199,1,0,,0.842527,0.830017,-0.012509,0.002821,-0.102385,-2.049805,0.007058,-0.101504,-1.743711,0.602156,0.477265,0.012738,0.598021,-0.131897,0.685981,-0.038336,0.000458,0.017727,0.011587,0.084658,-0.995910,0.529467,0.036881,0.062239,0.031660,0.461551,-0.146553,0.878198,-0.314799,0.044134,0.060028,-0.227303,0.073594,-1.207978,0.602338,0.078638,-0.009889,-0.018922,0.136470,0.014656,-0.192218,0.276462,-0.043676,-0.042301,0.238889,0.011064,0.212069,-0.072871,-0.041757,0.072127,27.512390,-40.218243,52.334076,-70.679184,16.570883,36.191898,74.831230,-30.788967,-10.486679,-46.882999,-9.506682,1.555563,5.674718,0.043847,0.299391,0.157551,-0.134897,-1.133754,0.086714,0.210926,-0.122491,0.140124,0.062768,0.378236,,-0.027104,,,,
200,1,0,,0.843371,0.828650,-0.014721,0.005402,-0.110300,-2.050194,0.012358,-0.117231,-1.751751,0.623478,0.429887,0.006543,0.598021,-0.132693,0.754359,-0.070829,0.030034,0.030471,-0.011730,0.069316,-1.095166,0.473664,0.042576,0.067961,0.026379,0.445873,-0.146296,0.879634,-0.324280,0.045730,0.072472,-0.257970,0.073995,-1.283417,0.573328,0.080911,-0.010143,-0.019836,0.152148,0.013604,-0.125274,0.253451,-0.015696,-0.042001,0.246240,-0.004679,0.188251,-0.099664,-0.038334,0.078103,10.088455,-31.742620,53.102390,-66.847534,13.081943,35.102985,60.391739,-39.171410,-11.170549,-45.387306,-8.303593,0.117109,5.846275,0.019768,0.344713,0.147237,-0.176086,-1.191410,0.084276,0.203713,-0.136615,0.142594,0.055626,0.338390,,-0.029879,,,,
201,1,0,,0.844529,0.827361,-0.017168,0.009654,-0.114916,-2.044255,0.019051,-0.131941,-1.743433,0.626568,0.525735,-0.010735,0.598021,-0.119433,0.819297,-0.119187,0.030927,0.050915,-0.043398,0.075038,-1.203166,0.420035,0.053767,0.059656,0.016266,0.435045,-0.139343,0.879986,-0.331254,0.047126,0.085470,-0.289480,0.072494,-1.348761,0.535772,0.080419,-0.010370,-0.027001,0.162976,0.019910,-0.060689,0.212067,-0.016200,-0.034556,0.246083,0.002544,0.145595,-0.115737,-0.026652,0.070026,-11.037546,-15.846149,46.691860,-67.868858,1.650784,24.980204,51.523964,-43.802681,-5.417911,-24.702171,-12.365973,-1.583075,5.959733,-0.015250,0.346332,0.107007,-0.211594,-1.188156,0.074878,0.221410,-0.165171,0.149460,0.063503,0.277698,,-0.045865,,,,
202,1,0,,0.846094,0.826351,-0.019743,0.013895,-0.117119,-2.033750,0.025524,-0.144439,-1.735651,0.608575,0.453692,-0.027360,0.596806,-0.107172,0.877393,-0.165410,0.030567,0.076971,-0.081762,0.089282,-1.311166,0.381145,0.051165,0.051745,0.004213,0.426798,-0.127478,0.878381,-0.336456,0.048158,0.096856,-0.319993,0.070000,-1.401126,0.494858,0.077050,-0.010545,-0.031573,0.170008,0.020306,-0.000988,0.171046,-0.017591,-0.019886,0.238232,0.019282,0.089960,-0.113713,-0.025884,0.062290,11.784537,-47.554066,49.259041,-70.956322,-11.648446,31.640562,44.735813,-50.847336,-1.752502,-19.821915,-9.248867,-2.694255,6.050081,-0.014010,0.317991,0.131478,-0.251157,-1.202497,0.064665,0.178546,-0.194674,0.149952,0.064594,0.242401,,-0.021184,,,,
203,1,0,,0.847982,0.825897,-0.022085,0.015914,-0.122018,-2.024281,0.031706,-0.152447,-1.728836,0.567355,0.459818,-0.042677,0.593161,-0.096913,0.921796,-0.207357,0.027708,0.114257,-0.133525,0.120575,-1.419165,0.371749,0.020957,0.044629,-0.004300,0.413481,-0.116648,0.873193,-0.339604,0.048121,0.105409,-0.346450,0.067819,-1.441583,0.450293,0.074204,-0.010706,-0.038377,0.179680,0.019735,0.048603,0.132247,-0.020413,0.008848,0.212926,0.052756,0.022417,-0.078544,-0.053247,0.055335,31.409391,-84.435242,47.445930,-39.223343,-1.307587,34.327625,47.470917,-65.387047,2.734063,-4.891499,-11.367596,-0.649910,6.159181,-0.001715,0.440138,0.143407,-0.282765,-1.188433,0.069051,0.094511,-0.173722,0.156975,0.070696,0.184151,,-0.024974,,,,
204,1,0,,0.849914,0.826808,-0.023106,0.017268,-0.129886,-2.020380,0.035206,-0.162598,-1.731967,0.520511,0.284296,-0.047094,0.574348,-0.098570,0.944480,-0.242079,0.020814,0.159734,-0.183143,0.165702,-1.495952,0.385633,-0.042323,0.047823,-0.008741,0.394294,-0.111746,0.865102,-0.342923,0.047464,0.116152,-0.368801,0.072826,-1.466640,0.411594,0.065726,-0.010633,-0.038352,0.180055,0.013176,0.079377,0.100844,-0.026650,0.043582,0.185658,0.092876,-0.029311,-0.025961,-0.108049,0.058456,15.777739,-60.585247,19.226532,-56.598461,-5.555950,18.541374,58.795593,-61.434238,13.935327,13.441100,-4.846593,-6.204882,5.839613,-0.008541,0.356337,0.084856,-0.291681,-1.143937,0.035292,0.113451,-0.187033,0.180578,0.100820,0.176520,,-0.078747,,,,
205,1,0,,0.851936,0.828402,-0.023534,0.019459,-0.137228,-2.021005,0.037459,-0.173794,-1.740093,0.482866,0.488077,-0.046056,0.547947,-0.106190,0.956296,-0.273187,0.011902,0.209310,-0.231689,0.217752,-1.557122,0.411167,-0.122152,0.056175,-0.011446,0.373124,-0.111586,0.854163,-0.345918,0.046554,0.131527,-0.387369,0.089917,-1.472287,0.387016,0.050305,-0.010665,-0.034611,0.174823,0.005396,0.102133,0.072731,-0.034652,0.077783,0.155680,0.127835,-0.084835,0.024151,-0.172457,0.066841,-3.385921,-54.093407,21.770073,-54.716190,-12.567482,6.869260,38.586647,-46.473446,15.228540,19.365225,-2.488628,-9.080478,6.147655,-0.020153,0.346120,0.058801,-0.285227,-1.095371,0.002845,0.096242,-0.203389,0.193707,0.129027,0.178047,,-0.078768,,,,
206,1,0,,0.854104,0.830689,-0.023414,0.021335,-0.144742,-2.023985,0.039788,-0.185087,-1.751814,0.453538,0.185348,-0.041864,0.515167,-0.117010,0.956247,-0.301031,-0.004192,0.229411,-0.276100,0.240708,-1.563343,0.430217,-0.172987,0.069157,-0.012171,0.349402,-0.113837,0.840445,-0.348299,0.044902,0.147553,-0.399316,0.115919,-1.458340,0.375349,0.032531,-0.010667,-0.029693,0.165765,-0.003173,0.115802,0.047268,-0.049094,0.081858,0.123216,0.124789,-0.105003,0.054868,-0.205517,0.079824,12.651927,-45.083454,8.384894,-61.304771,-9.210361,2.420498,34.408291,-33.341736,13.421306,36.035015,0.005489,-9.318635,6.123697,-0.004306,0.304486,0.046716,-0.272438,-1.002346,-0.016229,0.073175,-0.198626,0.206203,0.158562,0.191113,,-0.102649,,,,
207,1,0,,0.856412,0.832998,-0.023414,0.023363,-0.151240,-2.022144,0.041550,-0.194331,-1.753799,0.452125,0.137900,-0.043028,0.486975,-0.117612,0.958444,-0.327813,-0.018717,0.242055,-0.317882,0.259611,-1.554916,0.445028,-0.202847,0.074506,-0.016194,0.327748,-0.107373,0.827819,-0.350556,0.042372,0.163090,-0.403037,0.147981,-1.424579,0.371046,0.017030,-0.010723,-0.026834,0.159227,-0.010239,0.130626,0.022743,-0.061089,0.078965,0.085155,0.111630,-0.130337,0.073982,-0.219878,0.085229,-35.766651,-23.604506,41.534870,-47.604900,-4.917611,4.966960,16.306900,-21.231598,0.876514,35.356915,-1.253121,-7.784458,6.160108,-0.051783,0.361226,0.049535,-0.246909,-0.926584,-0.024163,0.085596,-0.191829,0.210080,0.175735,0.192598,,-0.034980,,,,
208,1,0,,0.858677,0.835349,-0.023328,0.024682,-0.153005,-2.008119,0.041883,-0.199519,-1.736200,0.490071,0.274392,-0.054910,0.467970,-0.097767,0.965142,-0.352466,-0.030101,0.239784,-0.354401,0.270411,-1.517190,0.451355,-0.190739,0.064581,-0.024312,0.315216,-0.087309,0.818905,-0.352209,0.039041,0.173346,-0.403333,0.175702,-1.376418,0.378312,0.003363,-0.010742,-0.030598,0.152754,-0.010458,0.146237,-0.000257,-0.069142,0.066438,0.048933,0.094709,-0.140772,0.073043,-0.194101,0.075323,-8.259761,-10.886834,47.895504,-57.845230,7.787263,20.432049,24.437891,-17.079845,-12.460332,41.638691,9.986551,-8.229224,6.160692,-0.048211,0.323192,0.078136,-0.242470,-0.835515,-0.036938,0.102768,-0.165727,0.211412,0.175885,0.245884,,0.014640,,,,
209,1,0,,0.861118,0.837207,-0.023910,0.028035,-0.149544,-1.984607,0.044801,-0.203400,-1.713864,0.517443,0.431212,-0.071073,0.451730,-0.073424,0.974301,-0.376835,-0.040528,0.223970,-0.391418,0.255453,-1.461056,0.449368,-0.167002,0.051816,-0.036758,0.309776,-0.060508,0.809797,-0.351697,0.035458,0.179190,-0.402622,0.190726,-1.314228,0.382490,-0.001359,-0.010734,-0.034315,0.141954,-0.012917,0.164504,-0.025139,-0.075986,0.044780,0.011204,0.064728,-0.146827,0.066878,-0.165643,0.062550,-42.010822,-17.819525,41.006275,-57.556538,5.916960,6.376693,25.220659,-12.434697,-8.762125,46.240597,1.398144,0.118737,6.203152,-0.094090,0.316465,0.043841,-0.233743,-0.719902,-0.003894,0.103045,-0.167328,0.210087,0.187971,0.215721,,0.032199,,,,
210,1,0,,0.863655,0.838820,-0.024835,0.032703,-0.145218,-1.958716,0.048976,-0.206709,-1.689162,0.538098,0.193798,-0.089378,0.436874,-0.046832,0.984690,-0.401062,-0.050478,0.201380,-0.428683,0.227609,-1.395713,0.443220,-0.137449,0.037630,-0.049872,0.304752,-0.032789,0.799049,-0.349745,0.031686,0.178319,-0.400700,0.186117,-1.242960,0.387350,0.001906,-0.010689,-0.039506,0.132123,-0.014043,0.185642,-0.051318,-0.082164,0.023061,-0.027983,0.041492,-0.152753,0.055870,-0.139355,0.048319,58.646984,-55.115932,55.120945,-28.341211,28.914829,32.461765,27.865265,-22.472410,-22.079210,51.362469,7.907602,2.051817,6.160947,-0.039864,0.373919,0.112454,-0.239753,-0.624667,0.013632,0.049568,-0.107939,0.190503,0.140827,0.243918,,0.138567,,,,
211,1,0,,0.865783,0.839788,-0.025995,0.033271,-0.144178,-1.933306,0.050050,-0.205866,-1.660269,0.567417,0.466784,-0.103568,0.425302,-0.018867,0.993366,-0.418088,-0.059155,0.166620,-0.456849,0.169911,-1.301494,0.446920,-0.091337,0.026219,-0.057194,0.297446,-0.005668,0.790464,-0.348906,0.028347,0.169578,-0.396559,0.163247,-1.168270,0.393902,0.009238,-0.010681,-0.046374,0.127856,-0.013200,0.202901,-0.069182,-0.087502,-0.002959,-0.060290,0.006664,-0.133224,0.053018,-0.100575,0.036899,63.485363,-67.850548,54.645790,-6.989521,39.719391,34.792683,41.772346,-27.527369,-22.456902,46.810837,5.666337,3.442710,6.144732,-0.029302,0.410250,0.129394,-0.238386,-0.551684,0.030248,0.027647,-0.072373,0.175266,0.102688,0.245502,,0.191297,,,,
212,1,0,,0.867755,0.841046,-0.026710,0.034777,-0.143185,-1.902314,0.050706,-0.203466,-1.624812,0.611140,0.450856,-0.120175,0.415609,0.015084,1.002886,-0.436501,-0.066991,0.129958,-0.482073,0.098295,-1.202682,0.443524,-0.049889,0.009206,-0.067829,0.292964,0.031877,0.784932,-0.347953,0.022936,0.160173,-0.391320,0.122822,-1.089539,0.394708,0.023096,-0.010752,-0.052345,0.122645,-0.016792,0.217955,-0.088548,-0.089927,-0.030216,-0.090753,-0.024527,-0.113143,0.048816,-0.072985,0.019958,-32.615601,-25.939190,57.896141,-41.742527,40.273418,28.353617,14.630697,-18.816881,-17.210825,47.426491,-1.397774,9.886465,6.209239,-0.118085,0.346381,0.083188,-0.220818,-0.450819,0.069663,0.079548,-0.064004,0.149047,0.060720,0.220458,,0.264251,,,,
213,1,0,,0.870129,0.842881,-0.027247,0.038187,-0.140535,-1.855601,0.050671,-0.197897,-1.576248,0.650383,0.478095,-0.141621,0.409678,0.061021,1.014100,-0.457696,-0.073143,0.089491,-0.501413,-0.001174,-1.094680,0.425919,-0.017778,-0.019019,-0.086352,0.293524,0.088680,0.781615,-0.345055,0.016670,0.149770,-0.381338,0.060930,-1.005867,0.392017,0.041439,-0.010805,-0.055268,0.116155,-0.027659,0.232485,-0.112641,-0.089813,-0.060279,-0.120076,-0.062104,-0.088813,0.033903,-0.059217,-0.008214,-27.618801,-2.977748,58.098320,-26.523230,39.659630,26.988451,-16.588253,1.954822,-13.407961,42.804317,-2.330879,11.200227,6.249362,-0.147474,0.379346,0.070543,-0.178814,-0.375075,0.095851,0.110779,-0.056756,0.112608,-0.016556,0.211970,,0.357879,,,,
214,1,0,,0.872932,0.845168,-0.027764,0.039431,-0.136726,-1.788805,0.050200,-0.190609,-1.502890,0.685943,0.258051,-0.156672,0.393062,0.105801,0.998990,-0.462448,-0.079343,0.072010,-0.506024,-0.106325,-0.986683,0.396591,0.038035,-0.066218,-0.110329,0.297946,0.168576,0.780775,-0.340466,0.007228,0.136994,-0.363772,-0.018603,-0.919653,0.384762,0.064780,-0.010831,-0.046343,0.095117,-0.062775,0.218215,-0.121982,-0.086571,-0.064983,-0.142253,-0.087722,-0.067029,0.011829,-0.026745,-0.055387,-51.151875,15.459431,58.269474,-56.360607,25.833178,27.953182,-23.134483,-3.523369,-1.358470,47.927357,-3.437859,16.060194,6.277312,-0.201886,0.304372,0.060923,-0.155065,-0.263151,0.142184,0.143967,-0.104612,0.091435,-0.089037,0.194505,,0.411844,,,,
215,1,0,,0.876035,0.847681,-0.028354,0.035647,-0.127871,-1.697906,0.050013,-0.182429,-1.417221,0.711291,0.295995,-0.168525,0.371099,0.150005,0.970711,-0.458973,-0.085566,0.066030,-0.503266,-0.214327,-0.878682,0.361394,0.105710,-0.122912,-0.136181,0.307962,0.267446,0.779838,-0.333017,-0.010026,0.125816,-0.341351,-0.096982,-0.834213,0.372844,0.085651,-0.010729,-0.032344,0.063137,-0.117441,0.190872,-0.125955,-0.075540,-0.059787,-0.161914,-0.117345,-0.044469,-0.011450,0.020059,-0.112183,3.843925,43.978455,49.478233,-64.988106,14.712478,24.203867,0.502265,23.297190,6.043742,26.711489,-5.196681,11.833578,6.189628,-0.191419,0.252012,0.021193,-0.094177,-0.233707,0.140883,0.192435,-0.117820,0.100774,-0.150930,0.172010,,0.446377,,,,
216,1,0,,0.879534,0.849962,-0.029573,0.028273,-0.119982,-1.597909,0.049152,-0.176435,-1.307061,0.630816,0.351805,-0.189823,0.329493,0.235322,0.909770,-0.438319,-0.093701,0.081938,-0.464408,-0.322325,-0.770683,0.337271,0.165556,-0.189891,-0.159190,0.312409,0.373271,0.774702,-0.324741,-0.029271,0.117604,-0.309976,-0.169888,-0.749256,0.353416,0.110840,-0.010327,-0.030633,0.017083,-0.137949,0.135068,-0.113578,-0.064430,-0.035666,-0.154432,-0.152437,-0.021427,-0.016145,0.054716,-0.179565,4.352485,6.939991,-7.543298,-72.848999,-10.096569,28.860756,15.876301,36.565350,8.141780,45.527874,-7.878281,22.112322,5.926414,-0.208272,0.180485,0.017611,-0.027878,-0.096414,0.205084,0.140416,-0.157850,0.109349,-0.217538,0.134161,,0.444029,,,,
217,1,0,,0.882546,0.851815,-0.030730,0.023444,-0.114509,-1.523170,0.046841,-0.172165,-1.214351,0.593022,0.827640,-0.204180,0.291967,0.311307,0.858218,-0.422219,-0.102493,0.093383,-0.418616,-0.425063,-0.662682,0.297101,0.236355,-0.234099,-0.164386,0.307264,0.436477,0.756277,-0.314595,-0.038066,0.108140,-0.285343,-0.243473,-0.677669,0.331667,0.133281,-0.008241,-0.039794,-0.015298,-0.125169,0.101941,-0.107624,-0.064426,-0.014757,-0.133273,-0.181589,0.014987,-0.034566,0.103073,-0.225858,27.308172,-41.428478,-34.881428,-66.722939,-3.183684,28.175930,-45.873535,-9.842246,24.919292,14.709981,-5.974393,12.364999,2.369778,-0.147020,0.146560,0.018895,-0.075952,-0.146947,0.191481,0.066568,-0.131463,0.049650,-0.263098,0.116764,,0.420527,,,,
218,1,0,,0.884781,0.852814,-0.031967,0.021461,-0.110759,-1.477823,0.040536,-0.171212,-1.156384,0.561549,0.894495,-0.204642,0.262616,0.368598,0.825468,-0.415241,-0.112596,0.095886,-0.358960,-0.517267,-0.554681,0.224809,0.329074,-0.232722,-0.154892,0.296429,0.465693,0.726679,-0.302614,-0.043278,0.094059,-0.278507,-0.303875,-0.636034,0.314463,0.138878,-0.007384,-0.049750,-0.033813,-0.097095,0.098789,-0.112626,-0.069318,0.001828,-0.080453,-0.213392,0.081352,-0.089654,0.190195,-0.225338,-8.797458,-5.809577,-16.957224,-70.825935,0.847063,26.608616,-60.563919,12.892954,21.448521,-10.432214,-4.946908,0.730261,3.854403,-0.137357,0.089854,0.012534,-0.076376,-0.221102,0.142609,0.091164,-0.110785,0.017389,-0.317571,0.109707,,0.458238,,,,
219,1,0,,0.885060,0.852896,-0.032165,0.017311,-0.109915,-1.443371,0.033406,-0.172537,-1.110500,0.553319,0.541149,-0.206232,0.244323,0.421848,0.817005,-0.417956,-0.124870,0.099627,-0.299924,-0.566161,-0.461852,0.156278,0.361606,-0.210834,-0.135275,0.287802,0.473061,0.704690,-0.297151,-0.049513,0.072643,-0.282430,-0.342719,-0.625534,0.304507,0.120148,-0.007404,-0.070957,-0.043479,-0.051213,0.112315,-0.120805,-0.075357,0.026984,-0.017494,-0.223442,0.163681,-0.148229,0.241459,-0.203430,41.634014,-3.627026,-15.387604,5.501580,-4.808910,-1.820096,-66.995728,15.625492,12.159356,-42.948250,-5.422914,-27.042458,4.281856,-0.056961,0.320661,-0.063282,-0.096548,-0.341949,0.019760,0.090576,-0.134495,-0.026406,-0.353457,0.109901,,0.447307,,,,
220,1,0,,0.882139,0.852519,-0.029620,0.011099,-0.117265,-1.408274,0.025757,-0.174873,-1.070625,0.528023,0.342347,-0.208388,0.231561,0.473075,0.820693,-0.425521,-0.138230,0.103987,-0.241200,-0.593385,-0.376617,0.089630,0.364027,-0.178685,-0.111175,0.284626,0.463945,0.707975,-0.306905,-0.061492,0.047750,-0.286005,-0.360219,-0.640535,0.295306,0.085088,-0.007453,-0.097213,-0.053065,0.009130,0.112718,-0.118616,-0.076738,0.056238,0.044805,-0.233166,0.263918,-0.205676,0.278938,-0.171233,-2.802067,-7.419774,-13.645649,9.774618,-19.693439,3.858205,-24.565687,21.187532,9.488672,-43.000385,-6.622592,-22.086449,4.311956,-0.059402,0.392114,-0.070453,-0.090748,-0.404952,-0.022019,0.092788,-0.199294,-0.024096,-0.357207,0.096202,,0.432685,,,,
221,1,0,,0.876504,0.852154,-0.024351,0.009470,-0.131506,-1.374083,0.014829,-0.179935,-1.029488,0.554728,0.765251,-0.207898,0.231297,0.518131,0.851715,-0.446277,-0.163804,0.100707,-0.201604,-0.552690,-0.337809,0.076952,0.332441,-0.134762,-0.093486,0.287612,0.446903,0.736093,-0.329073,-0.077160,0.029790,-0.286286,-0.355256,-0.665313,0.291550,0.046726,-0.007413,-0.114412,-0.056316,0.071227,0.115622,-0.117205,-0.086644,0.070917,0.084683,-0.197434,0.327503,-0.214598,0.285715,-0.127349,1.835923,6.543746,-9.937359,30.711143,-15.334205,0.435654,-4.902834,-12.741494,8.791471,-14.405596,-0.195642,-25.794390,4.296944,-0.054027,0.517445,-0.100331,-0.121034,-0.398594,-0.078059,0.123657,-0.229858,-0.011408,-0.333547,0.118984,,0.417108,,,,
222,1,0,,0.868181,0.851966,-0.016214,0.010359,-0.145434,-1.339363,0.002830,-0.185109,-0.984751,0.520941,0.444758,-0.203260,0.231878,0.560172,0.880036,-0.466791,-0.201285,0.093510,-0.172298,-0.504359,-0.321888,0.076496,0.303177,-0.090250,-0.083364,0.305127,0.424508,0.793376,-0.358185,-0.098533,0.022620,-0.290345,-0.320486,-0.692508,0.280336,0.024348,-0.007589,-0.119896,-0.073249,0.135664,0.086660,-0.108606,-0.102752,0.070890,0.118047,-0.183872,0.370621,-0.203840,0.278829,-0.082662,3.567829,21.949213,-12.582266,80.367821,-8.758578,-15.399756,-12.376912,-39.132553,8.676799,40.465393,24.601736,-28.748461,5.144896,-0.059139,0.785405,-0.165935,-0.161074,-0.329779,-0.083520,0.188637,-0.253433,0.004290,-0.274510,0.141583,,0.384062,,,,
223,1,0,,0.862952,0.852134,-0.010818,0.002164,-0.155498,-1.279472,-0.011172,-0.190777,-0.932864,0.427576,0.592873,-0.190318,0.234150,0.596186,0.902945,-0.486815,-0.262594,0.078476,-0.163581,-0.440761,-0.351754,0.100483,0.278567,-0.044561,-0.082614,0.336223,0.421385,0.876101,-0.393609,-0.123784,0.025034,-0.290701,-0.258136,-0.733321,0.305263,0.047146,-0.007843,-0.107704,-0.102073,0.174801,0.026844,-0.093206,-0.138809,0.053442,0.127120,-0.182625,0.381567,-0.204779,0.231421,-0.036717,26.043262,6.986483,-13.937692,78.602562,-11.643558,-16.851187,41.260849,-48.776146,13.676189,79.892059,-20.033234,-38.217247,4.529401,-0.066929,0.913140,-0.204411,-0.160427,-0.250487,-0.113636,0.224969,-0.304720,0.061156,-0.187509,0.126184,,0.398595,,,,
224,1,0,,0.859016,0.852354,-0.006662,-0.007156,-0.159970,-1.211244,-0.022979,-0.194370,-0.872864,0.358719,0.458224,-0.177193,0.239764,0.620473,0.915479,-0.494422,-0.327322,0.064874,-0.174873,-0.371361,-0.417240,0.137412,0.255638,-0.002803,-0.085492,0.369808,0.420646,0.957384,-0.430633,-0.135496,0.034703,-0.283932,-0.186156,-0.752423,0.322031,0.061335,-0.007899,-0.091702,-0.130043,0.199827,-0.041905,-0.063789,-0.191826,0.030171,0.109059,-0.185205,0.335183,-0.184619,0.194304,0.005096,18.590408,6.211446,-8.528522,25.162354,-10.044914,-1.015414,80.628036,-19.593723,-9.911037,72.907387,-41.296894,-38.854977,4.590210,-0.083267,0.834871,-0.147459,-0.109045,-0.282415,-0.158379,0.255634,-0.336200,0.114740,-0.146649,0.083228,,0.407511,,,,
225,1,0,,0.856372,0.852601,-0.003771,-0.011960,-0.160441,-1.145842,-0.033727,-0.196605,-0.808797,0.319376,0.343990,-0.163977,0.247052,0.638894,0.922823,-0.495817,-0.393763,0.051988,-0.196178,-0.299056,-0.500551,0.180817,0.233551,0.036989,-0.088735,0.397572,0.410893,1.020812,-0.453746,-0.138262,0.050432,-0.272593,-0.116524,-0.755661,0.331381,0.074148,-0.007941,-0.075242,-0.150520,0.228001,-0.097989,-0.042071,-0.255501,0.001556,0.076415,-0.182532,0.255110,-0.150564,0.159403,0.044930,40.315426,2.091959,-11.324733,34.657269,-2.024115,-3.110818,70.118752,-29.403009,-5.451735,80.403137,-30.854410,-39.253124,4.636423,-0.070208,0.873354,-0.148453,-0.101221,-0.185824,-0.164037,0.269746,-0.316698,0.135671,-0.072097,0.104524,,0.383907,,,,
226,1,0,,0.854831,0.853704,-0.001126,-0.016803,-0.157279,-1.076324,-0.039580,-0.198038,-0.739030,0.290592,0.425498,-0.165208,0.260022,0.638948,0.933721,-0.488975,-0.409507,0.050841,-0.196182,-0.238042,-0.542332,0.207442,0.212904,0.072024,-0.089740,0.423993,0.396788,1.075995,-0.460210,-0.142667,0.068318,-0.256129,-0.042284,-0.745915,0.335459,0.084273,-0.007966,-0.075468,-0.163971,0.242160,-0.142274,-0.028765,-0.266840,-0.017477,0.059948,-0.195758,0.203583,-0.128017,0.128631,0.079990,39.910023,23.158569,-4.133890,36.381729,-0.595170,-4.400219,65.503189,2.636049,2.728987,81.570892,-37.672764,-39.519123,4.632744,-0.066753,0.919798,-0.159573,-0.039966,-0.166569,-0.154435,0.316758,-0.296969,0.154359,0.020183,0.080761,,0.381433,,,,
227,1,0,,0.854282,0.855026,0.000744,-0.023374,-0.149950,-0.995283,-0.043636,-0.198626,-0.666751,0.271924,0.736606,-0.168702,0.274353,0.631086,0.946140,-0.484464,-0.420000,0.051739,-0.196182,-0.177899,-0.583130,0.234081,0.192581,0.104198,-0.091290,0.452459,0.389929,1.126244,-0.460338,-0.147643,0.087422,-0.232471,0.043547,-0.722308,0.335092,0.093652,-0.007922,-0.077412,-0.178106,0.241157,-0.180104,-0.024126,-0.272357,-0.035683,0.036289,-0.221446,0.139178,-0.101011,0.098929,0.112120,40.816319,41.577827,1.883508,24.261925,1.048049,-3.091036,80.856735,12.939452,-4.852204,77.670090,-43.774948,-39.288673,4.626927,-0.069436,0.931517,-0.161972,0.007430,-0.120392,-0.161899,0.369018,-0.288008,0.187727,0.103012,0.063181,,0.389951,,,,
228,1,0,,0.855239,0.856785,0.001546,-0.027359,-0.138018,-0.908489,-0.043923,-0.198182,-0.589502,0.268829,0.562290,-0.176721,0.291405,0.607387,0.961601,-0.484623,-0.420000,0.056724,-0.196182,-0.119500,-0.621974,0.260750,0.172909,0.130646,-0.093839,0.481507,0.384016,1.165924,-0.459090,-0.151523,0.106459,-0.206884,0.134162,-0.691669,0.331589,0.086254,-0.007821,-0.082883,-0.190103,0.223371,-0.204323,-0.025533,-0.268477,-0.049735,0.010702,-0.253662,0.069695,-0.070840,0.086655,0.138467,49.857738,36.079170,0.685828,16.310139,1.418214,-2.520599,90.530365,12.691136,-9.392967,79.673378,-41.666897,-37.397732,4.479993,-0.066523,0.933043,-0.162730,0.034031,-0.063092,-0.153866,0.394881,-0.283404,0.208804,0.187457,0.059411,,0.381200,,,,
229,1,0,,0.856933,0.857684,0.000752,-0.029598,-0.122281,-0.817278,-0.043071,-0.191109,-0.504566,0.279701,0.590977,-0.189691,0.329051,0.567519,1.007188,-0.490122,-0.405384,0.063424,-0.205062,-0.061051,-0.665982,0.290955,0.153280,0.148209,-0.095716,0.511669,0.377450,1.196074,-0.452917,-0.155203,0.123628,-0.178129,0.227530,-0.652263,0.324797,0.081553,-0.007656,-0.093976,-0.182617,0.190069,-0.188886,-0.037205,-0.250181,-0.060204,-0.026933,-0.288581,-0.013719,-0.033842,0.071727,0.155865,17.502584,61.196136,-4.615952,7.644630,3.176282,-3.030393,33.367287,33.577351,6.075631,64.479507,-47.602669,-38.682896,4.434333,-0.090489,0.926475,-0.167171,0.092128,-0.061108,-0.098988,0.451019,-0.264104,0.181550,0.309034,0.034851,,0.367193,,,,
230,1,0,,0.859145,0.858154,-0.000992,-0.030524,-0.105050,-0.722191,-0.040888,-0.180857,-0.415916,0.313017,0.675369,-0.205138,0.377002,0.519561,1.067848,-0.498294,-0.383454,0.070981,-0.218385,-0.002579,-0.712573,0.322928,0.133674,0.161325,-0.095996,0.540759,0.365712,1.214063,-0.443321,-0.154699,0.136902,-0.145802,0.323734,-0.606867,0.315553,0.078919,-0.007450,-0.109142,-0.163757,0.153849,-0.146215,-0.054973,-0.228755,-0.065920,-0.072583,-0.326313,-0.105706,0.007375,0.054755,0.168775,27.239182,52.132450,-9.224729,-10.332516,1.823558,1.588844,41.463600,45.734142,-6.274230,53.253662,-43.370506,-37.397633,4.306984,-0.079102,0.881546,-0.147987,0.142150,-0.048815,-0.085720,0.464716,-0.253953,0.190484,0.385775,0.029327,,0.340598,,,,
231,1,0,,0.861462,0.856859,-0.004603,-0.027707,-0.090687,-0.635523,-0.043107,-0.140532,-0.328187,0.329288,1.096575,-0.218002,0.464361,0.477444,1.151530,-0.506715,-0.334832,0.074185,-0.276449,0.046733,-0.781112,0.362915,0.116855,0.173274,-0.089252,0.560841,0.333364,1.215799,-0.436929,-0.144387,0.146868,-0.114044,0.410445,-0.564362,0.306755,0.075563,-0.007242,-0.128750,-0.096479,0.144080,-0.064269,-0.069785,-0.190444,-0.072683,-0.162405,-0.363712,-0.216750,0.056160,0.041292,0.180516,45.018509,39.384132,-10.283927,-15.569987,0.057631,8.217555,3.178453,44.434502,-12.953965,26.658266,-45.751141,-36.318237,4.242759,-0.040591,0.835967,-0.106247,0.169676,-0.073846,-0.062571,0.456545,-0.258522,0.167896,0.453228,0.013646,,0.288715,,,,
232,1,0,,0.863842,0.855949,-0.007894,-0.026690,-0.077801,-0.545019,-0.043431,-0.108635,-0.231605,0.333623,0.645676,-0.232291,0.534662,0.447957,1.222497,-0.512330,-0.285006,0.080527,-0.313413,0.104959,-0.830857,0.398334,0.100073,0.174589,-0.078656,0.577884,0.291160,1.207321,-0.436065,-0.126813,0.150068,-0.079160,0.500421,-0.520738,0.297913,0.073614,-0.007084,-0.153635,-0.043222,0.156797,0.015175,-0.076264,-0.158193,-0.069541,-0.234253,-0.395462,-0.310118,0.100421,0.026459,0.181673,-8.236670,85.407829,-24.211765,-29.932308,-5.928942,9.109426,-29.135811,88.570145,10.034380,29.906885,-39.766682,-33.912788,4.141389,-0.061417,0.781870,-0.076895,0.254641,-0.014416,-0.036376,0.527762,-0.279172,0.132566,0.586886,0.026463,,0.220602,,,,
233,1,0,,0.866226,0.855809,-0.010417,-0.024699,-0.063228,-0.446217,-0.044763,-0.093597,-0.116518,0.327576,0.454638,-0.249431,0.570809,0.443748,1.268007,-0.512330,-0.232778,0.093156,-0.308132,0.181033,-0.842978,0.424608,0.083364,0.154618,-0.068976,0.596227,0.234759,1.189393,-0.434431,-0.097714,0.149303,-0.043249,0.598496,-0.475233,0.288825,0.073465,-0.006875,-0.180455,-0.025419,0.208989,0.078614,-0.077899,-0.135064,-0.056147,-0.264883,-0.417463,-0.367745,0.135782,0.009898,0.161492,0.541632,33.255005,-18.544542,-23.147064,1.358391,23.150879,-42.074326,16.282402,1.237497,48.648144,-20.013855,-27.452999,4.016904,-0.045138,0.753020,0.005317,0.216044,0.073772,0.009572,0.484090,-0.257525,0.117425,0.673331,0.059963,,0.156298,,,,
234,1,0,,0.868681,0.855427,-0.013254,-0.020280,-0.048153,-0.352052,-0.039457,-0.082861,-0.015189,0.301485,0.410741,-0.208753,0.605425,0.370364,1.276967,-0.509895,-0.190330,0.124579,-0.260488,0.278383,-0.796913,0.421974,0.085791,0.135306,-0.058959,0.606587,0.166579,1.159725,-0.434887,-0.062582,0.145317,-0.011121,0.692092,-0.431678,0.279862,0.072070,-0.006678,-0.149794,-0.001163,0.203786,0.117243,-0.075008,-0.127748,-0.020737,-0.249367,-0.413708,-0.365235,0.142112,0.013722,0.141985,6.381433,33.104973,-1.018047,-32.384472,-5.920694,18.657568,-40.449715,35.954777,-13.384363,49.389965,-5.371681,-34.558002,3.898858,-0.031070,0.679789,0.031827,0.264541,0.113013,-0.025236,0.475549,-0.279846,0.105202,0.741321,0.084914,,0.111770,,,,
235,1,0,,0.870598,0.854923,-0.015674,-0.016824,-0.035936,-0.268082,-0.030766,-0.074967,0.079325,0.228549,0.632342,-0.139139,0.639277,0.262360,1.267638,-0.506241,-0.152773,0.165410,-0.191643,0.386387,-0.721727,0.404874,0.097795,0.116324,-0.041237,0.603540,0.083337,1.117343,-0.435528,-0.027847,0.136309,0.016200,0.766114,-0.396401,0.275451,0.073033,-0.006541,-0.097901,0.035738,0.179023,0.150295,-0.070713,-0.124926,0.029101,-0.207843,-0.379726,-0.325326,0.129423,0.024761,0.122865,35.434792,-8.715899,-5.846033,-37.821926,-1.144007,19.369852,-61.516071,32.505093,-19.919464,5.003796,-7.269649,-16.758410,3.782342,0.030529,0.587546,0.072192,0.277696,0.037499,0.039650,0.403131,-0.268019,0.074362,0.786408,0.082900,,0.004431,,,,
236,1,0,,0.871340,0.856656,-0.014684,-0.015937,-0.028673,-0.201284,-0.029932,-0.077389,0.163579,0.207958,1.110908,-0.067413,0.616808,0.154362,1.204946,-0.473335,-0.099798,0.164212,-0.116378,0.494386,-0.632979,0.376289,0.098076,0.107875,-0.009806,0.583307,-0.027120,1.062587,-0.433007,0.008260,0.123556,0.037372,0.780034,-0.373740,0.281259,0.076376,-0.005976,-0.057607,0.033501,0.181483,0.142359,-0.040328,-0.108058,0.040657,-0.153751,-0.285649,-0.259239,0.095030,0.021700,0.113851,33.655235,-7.339811,-5.696930,-42.287357,1.952246,21.900915,-46.138840,44.522415,31.359091,12.488190,-0.617051,-24.529284,3.612950,0.091752,0.489271,0.113441,0.302455,0.046524,0.026051,0.351511,-0.253464,0.061834,0.832154,0.120288,,-0.126098,,,,
237,1,0,,0.871341,0.857891,-0.013451,-0.016763,-0.026225,-0.143450,-0.029825,-0.076324,0.245263,0.218932,1.011736,0.003694,0.596945,0.046361,1.141472,-0.437151,-0.046723,0.162905,-0.053819,0.602362,-0.562330,0.355594,0.099619,0.101545,0.027968,0.546765,-0.160465,0.998310,-0.426494,0.048516,0.108069,0.060477,0.779837,-0.355991,0.292331,0.082766,-0.005647,-0.024274,0.050180,0.206826,0.143162,-0.010658,-0.095239,0.054836,-0.114297,-0.177475,-0.206339,0.063262,0.016853,0.107192,31.219566,-13.129040,-6.333268,-46.622765,2.384510,26.061733,-30.555326,55.005947,42.899097,30.423611,22.779535,-29.518089,3.639827,0.139833,0.389963,0.175882,0.339739,0.091075,0.025595,0.279710,-0.240443,0.050130,0.878148,0.182038,,-0.273211,,,,
238,1,0,,0.871013,0.858128,-0.012884,-0.017910,-0.026598,-0.089876,-0.030410,-0.068129,0.321740,0.259561,0.450507,0.073555,0.582315,-0.061637,1.076454,-0.394419,0.006544,0.161391,-0.016697,0.710286,-0.527914,0.350697,0.103693,0.099453,0.064515,0.498304,-0.308452,0.929249,-0.417108,0.089420,0.090828,0.082807,0.780046,-0.344437,0.310424,0.090163,-0.005411,0.009040,0.084011,0.246815,0.147205,0.022689,-0.082875,0.070562,-0.099504,-0.069760,-0.183477,0.040273,0.013529,0.104863,36.673325,-17.253046,7.981350,-40.333504,2.597461,22.452318,-16.258358,36.297863,43.109436,32.960003,31.052778,-29.386354,3.185620,0.174866,0.341346,0.205645,0.341359,0.086087,0.025471,0.208701,-0.226798,0.040883,0.872291,0.238180,,-0.391664,,,,
239,1,0,,0.869557,0.858148,-0.011409,-0.022140,-0.028079,-0.035399,-0.034307,-0.065612,0.372073,0.311998,0.506085,0.142318,0.553437,-0.169638,1.005645,-0.347621,0.061914,0.152410,0.005129,0.759765,-0.510319,0.350627,0.105040,0.121281,0.097019,0.446742,-0.451845,0.864940,-0.404320,0.119934,0.073525,0.101901,0.780021,-0.345710,0.332703,0.092016,-0.005348,0.045299,0.106695,0.282207,0.140705,0.056699,-0.058020,0.078886,-0.096772,-0.020256,-0.164610,0.017925,0.013023,0.126629,54.054375,-18.431404,22.872574,-29.166275,4.327673,14.164546,-1.855677,44.963585,21.307331,-10.770071,15.377114,-21.041628,3.115386,0.208192,0.311132,0.192777,0.361656,-0.024608,0.050056,0.150550,-0.204406,0.034231,0.812107,0.230105,,-0.500025,,,,
240,1,0,,0.866427,0.858059,-0.008368,-0.028125,-0.028940,0.017107,-0.040077,-0.065769,0.409339,0.363063,0.995677,0.210528,0.517432,-0.277637,0.931939,-0.298790,0.118332,0.139694,0.019302,0.779996,-0.501143,0.352974,0.105022,0.155077,0.122427,0.401390,-0.565265,0.813132,-0.389752,0.139844,0.062824,0.114884,0.780035,-0.361294,0.358097,0.094873,-0.005371,0.088101,0.116041,0.287628,0.118807,0.090962,-0.021512,0.076870,-0.095581,-0.000038,-0.139849,-0.005124,0.010149,0.160449,85.380363,-17.101698,43.265003,-12.469958,4.070361,12.481012,68.493347,6.246179,-6.460032,32.674583,13.643416,-26.959936,3.233834,0.231944,0.327821,0.193554,0.322265,0.012182,0.034871,0.122476,-0.189342,0.089192,0.768665,0.255421,,-0.555636,,,,
241,1,0,,0.862094,0.858200,-0.003894,-0.031096,-0.026017,0.060609,-0.045418,-0.069015,0.431147,0.421351,0.813425,0.264204,0.470161,-0.381065,0.851631,-0.257405,0.145353,0.129639,0.027977,0.780000,-0.498693,0.355730,0.104241,0.199872,0.139313,0.369799,-0.628511,0.778640,-0.376823,0.150737,0.063216,0.123829,0.780022,-0.381356,0.384195,0.098976,-0.005477,0.124891,0.100361,0.247446,0.072991,0.119418,-0.005384,0.066423,-0.095852,-0.000022,-0.117337,-0.028465,0.005265,0.205349,104.325233,-3.638873,39.450050,-1.826172,2.828731,6.993008,122.420280,16.393484,-17.932800,63.461498,16.134439,-30.605501,3.213060,0.245182,0.353043,0.179997,0.336391,0.059491,0.030393,0.132428,-0.181895,0.147585,0.748794,0.284819,,-0.609949,,,,
242,1,0,,0.856518,0.858332,0.001814,-0.030310,-0.020171,0.097701,-0.041426,-0.072220,0.452788,0.476387,0.890973,0.299996,0.423827,-0.476952,0.770883,-0.217560,0.169543,0.129707,0.036900,0.780000,-0.496560,0.358210,0.104025,0.239708,0.151888,0.350061,-0.654977,0.755536,-0.373334,0.155714,0.068317,0.135086,0.780043,-0.396777,0.408638,0.113807,-0.005368,0.148108,0.073766,0.178025,0.015347,0.155773,0.013829,0.061389,-0.098186,-0.000043,-0.099783,-0.050428,-0.009781,0.245075,80.918549,49.097046,7.918283,-28.366749,-3.817641,2.816761,86.664001,73.458282,20.317232,32.428474,-19.813948,-18.007874,3.149223,0.230368,0.303389,0.168332,0.408698,-0.015798,0.097243,0.188122,-0.211489,0.139135,0.812006,0.232319,,-0.663540,,,,
243,1,0,,0.850231,0.858443,0.008213,-0.024880,-0.013675,0.133261,-0.018683,-0.075858,0.474017,0.427817,0.740950,0.299999,0.379369,-0.557753,0.689250,-0.180792,0.188079,0.150037,0.046324,0.780000,-0.495057,0.360138,0.104940,0.269617,0.161331,0.337460,-0.680228,0.741126,-0.380834,0.151140,0.076726,0.149092,0.779982,-0.406746,0.430604,0.139676,-0.005072,0.138668,0.041909,0.122475,-0.051876,0.200042,0.036938,0.073311,-0.102768,0.000018,-0.088311,-0.070467,-0.034736,0.274689,61.439728,41.236549,-3.585600,-20.324810,23.241768,12.152959,84.798531,75.041252,39.598225,2.026406,-37.901680,-16.508600,3.000789,0.219244,0.307509,0.170676,0.431757,-0.077778,0.146190,0.176699,-0.197009,0.151017,0.867977,0.207107,,-0.701101,,,,
244,1,0,,0.846447,0.858211,0.011765,-0.016657,-0.011168,0.165007,-0.005485,-0.078376,0.493485,0.290968,0.488146,0.300000,0.342252,-0.626382,0.616957,-0.154297,0.195355,0.162283,0.055145,0.780000,-0.493684,0.361264,0.107764,0.297999,0.164179,0.334574,-0.700525,0.758163,-0.397282,0.127590,0.091331,0.161197,0.780017,-0.421643,0.438440,0.164639,-0.004675,0.135821,0.007678,0.074143,-0.141206,0.242985,0.067766,0.070952,-0.106052,-0.000018,-0.072041,-0.077177,-0.056874,0.302674,40.886284,-25.646982,27.875866,-67.856819,33.882015,29.256041,57.160934,27.068531,43.405102,-62.775677,-47.930569,7.789506,2.775351,0.193761,0.275351,0.178917,0.387909,-0.229782,0.224880,0.120764,-0.170899,0.166108,0.883952,0.159614,,-0.671698,,,,
245,1,0,,0.844335,0.857807,0.013472,-0.014864,-0.013744,0.189355,0.002934,-0.080304,0.512088,0.182635,0.376152,0.300000,0.308805,-0.688923,0.549334,-0.132941,0.196998,0.170485,0.063665,0.780000,-0.492375,0.361989,0.111546,0.325617,0.163571,0.331601,-0.698404,0.772063,-0.410612,0.116674,0.108696,0.165244,0.779967,-0.457566,0.438438,0.187472,-0.004248,0.136429,-0.022795,0.009481,-0.222729,0.277671,0.080324,0.061789,-0.101579,0.000033,-0.034809,-0.076448,-0.075926,0.329866,27.808832,-8.150444,19.295208,-74.921120,24.599081,30.227087,49.041290,28.055481,48.103848,-64.019737,-39.139305,-0.429309,2.559114,0.178750,0.220159,0.192898,0.379176,-0.309190,0.217175,0.138201,-0.202907,0.180583,0.905145,0.178629,,-0.665695,,,,
246,1,0,,0.843328,0.856645,0.013317,-0.016781,-0.021199,0.207837,0.004804,-0.082355,0.530773,0.146502,0.537019,0.300000,0.288784,-0.726722,0.508361,-0.127297,0.183040,0.174633,0.073430,0.780000,-0.491902,0.361882,0.118285,0.349570,0.159436,0.325887,-0.682303,0.781784,-0.420970,0.107471,0.129552,0.163788,0.780014,-0.510775,0.433657,0.200978,-0.003934,0.140564,-0.037103,-0.044419,-0.273423,0.293672,0.075569,0.045081,-0.090358,-0.000014,0.018873,-0.071775,-0.082693,0.353505,25.815662,-41.634880,42.750622,-75.255791,35.210751,31.214897,82.008713,-6.735262,52.112690,-55.234249,-10.186584,3.552745,2.254744,0.162196,0.107501,0.178556,0.333639,-0.389817,0.227062,0.090246,-0.176350,0.234758,0.925245,0.233108,,-0.595766,,,,
247,1,0,,0.843063,0.855300,0.012237,-0.019730,-0.032484,0.224569,0.006204,-0.084482,0.548726,0.188763,0.567338,0.300000,0.272539,-0.754883,0.477431,-0.124391,0.170645,0.179439,0.083612,0.780000,-0.491400,0.359713,0.126690,0.373028,0.154183,0.316816,-0.663004,0.788459,-0.428882,0.103871,0.153135,0.159704,0.780014,-0.573010,0.428944,0.204484,-0.003712,0.145817,-0.044277,-0.091879,-0.311029,0.304491,0.066774,0.026304,-0.076093,-0.000014,0.081610,-0.069230,-0.077794,0.376740,43.595249,-35.384312,45.333561,-74.991364,35.845062,33.947876,78.230347,-28.134754,48.678677,-23.467968,0.397518,-0.203711,2.138441,0.169711,0.083269,0.191021,0.300723,-0.407016,0.206021,0.079709,-0.178136,0.260501,0.918659,0.254663,,-0.561199,,,,
248,1,0,,0.843428,0.853586,0.010158,-0.021479,-0.042286,0.236875,0.006703,-0.086707,0.565214,0.254083,0.459807,0.300000,0.263852,-0.763758,0.466594,-0.126959,0.161386,0.185567,0.094626,0.780000,-0.490840,0.353419,0.138428,0.395492,0.148150,0.307642,-0.648550,0.790953,-0.433959,0.105387,0.178613,0.150803,0.780010,-0.627136,0.432311,0.197101,-0.003501,0.151850,-0.043790,-0.115208,-0.324359,0.307001,0.055998,0.006955,-0.056177,-0.000010,0.136296,-0.078891,-0.058674,0.398993,46.701431,-30.744768,47.502922,-78.506516,36.271149,23.316874,110.835815,-37.732891,46.302738,8.852197,9.984828,-7.729306,2.050841,0.162319,0.006634,0.159910,0.270504,-0.380080,0.164577,0.076285,-0.181176,0.316310,0.913341,0.290891,,-0.534995,,,,
249,1,0,,0.844223,0.851728,0.007505,-0.021182,-0.051215,0.242892,0.007379,-0.086084,0.576700,0.336040,0.634815,0.300000,0.259475,-0.766719,0.469203,-0.134885,0.148111,0.193020,0.103591,0.780000,-0.487231,0.344691,0.152505,0.419748,0.141192,0.296536,-0.640445,0.788814,-0.436595,0.106908,0.206691,0.139621,0.780011,-0.665194,0.433182,0.184380,-0.003281,0.158808,-0.037061,-0.126274,-0.319612,0.301710,0.041203,-0.013671,-0.036030,-0.000011,0.177963,-0.088491,-0.031876,0.423029,59.176586,-38.370911,50.237843,-80.864136,38.977726,22.472052,109.206268,-27.312346,47.211002,10.077992,-0.575977,-7.720613,1.924570,0.164005,0.021176,0.160416,0.272058,-0.379262,0.146275,0.051188,-0.169495,0.344761,0.908436,0.260218,,-0.541903,,,,
250,1,0,,0.845241,0.849798,0.004558,-0.022602,-0.061378,0.243591,0.008171,-0.084040,0.585682,0.427808,0.785290,0.300000,0.257256,-0.766719,0.478540,-0.145493,0.132828,0.201135,0.111531,0.780000,-0.482098,0.334745,0.167752,0.444899,0.137656,0.282162,-0.637506,0.783584,-0.437343,0.107860,0.233880,0.127938,0.780010,-0.691603,0.425161,0.171713,-0.003066,0.162344,-0.024907,-0.129213,-0.305044,0.291850,0.024968,-0.032746,-0.016407,-0.000010,0.209505,-0.090416,-0.003962,0.447965,73.103134,-32.825180,47.352783,-74.197639,38.569103,24.484438,94.189819,-25.234503,48.458370,5.267943,-4.295313,-6.882411,1.805990,0.178847,0.056210,0.159882,0.260343,-0.390533,0.137188,0.038944,-0.163183,0.358134,0.896454,0.230992,,-0.549063,,,,
251,1,0,,0.846183,0.847382,0.001199,-0.026340,-0.071097,0.242346,0.006492,-0.080788,0.592599,0.505672,0.698948,0.300000,0.257366,-0.766719,0.497536,-0.171765,0.082677,0.211995,0.117358,0.780000,-0.481567,0.323260,0.188300,0.467000,0.137929,0.268330,-0.636777,0.777748,-0.436843,0.107929,0.259204,0.114217,0.780010,-0.711724,0.415300,0.162748,-0.002843,0.162071,-0.010964,-0.129942,-0.280212,0.265078,-0.025251,-0.047209,0.003141,-0.000010,0.230157,-0.092040,0.025552,0.469843,65.445778,-6.778611,38.047527,-77.988106,33.350609,11.951671,87.398537,-10.876112,47.431454,-3.045159,-2.097995,-4.072172,1.725420,0.182099,0.015123,0.132944,0.256905,-0.412275,0.141293,0.056955,-0.185941,0.376619,0.908862,0.226650,,-0.580550,,,,
252,1,0,,0.846973,0.845288,-0.001686,-0.029061,-0.078995,0.244103,0.004736,-0.077619,0.599570,0.589028,0.494852,0.300000,0.260225,-0.765631,0.520970,-0.197725,0.038306,0.224476,0.122931,0.780000,-0.482356,0.308377,0.211011,0.487276,0.137341,0.258478,-0.633690,0.773455,-0.435734,0.108550,0.284211,0.100338,0.780003,-0.724382,0.405771,0.156527,-0.002561,0.162659,0.001747,-0.131941,-0.252485,0.238008,-0.070244,-0.059735,0.022593,-0.000003,0.242026,-0.097394,0.054485,0.489838,38.384384,4.623127,38.746563,-80.719185,28.266138,-11.355634,90.202248,-2.849933,46.013874,4.950586,-2.684928,-3.583370,1.498907,0.159245,-0.013194,0.086417,0.252783,-0.392130,0.139136,0.066052,-0.202204,0.402738,0.910985,0.214662,,-0.572108,,,,
253,1,0,,0.847815,0.843836,-0.003979,-0.035195,-0.084896,0.255114,0.002800,-0.074624,0.606655,0.742819,0.725969,0.300000,0.268587,-0.762366,0.553284,-0.223058,0.005516,0.240201,0.127995,0.780000,-0.485784,0.286692,0.238050,0.503905,0.138846,0.254256,-0.621086,0.771001,-0.433173,0.109199,0.299994,0.091251,0.780016,-0.724337,0.394493,0.152514,-0.002380,0.161154,0.014331,-0.141280,-0.217717,0.210116,-0.103683,-0.059793,0.036744,-0.000017,0.238553,-0.107800,0.085536,0.506285,23.510576,16.906656,22.549101,-72.556702,19.077652,-15.653053,139.016891,6.526480,49.972630,-1.528044,-5.397243,-1.929445,3.205540,0.166195,0.047644,0.077518,0.267908,-0.362582,0.142652,0.087522,-0.218708,0.400365,0.906827,0.195301,,-0.572201,,,,
254,1,0,,0.849680,0.842354,-0.007327,-0.046162,-0.089551,0.281785,-0.001713,-0.075511,0.619230,0.840996,0.689607,0.300000,0.279598,-0.752164,0.593642,-0.254454,-0.007138,0.260755,0.133759,0.780000,-0.502995,0.257387,0.271722,0.514051,0.140848,0.253500,-0.593288,0.765157,-0.426119,0.109542,0.299907,0.089436,0.780002,-0.716300,0.379886,0.150444,-0.002217,0.159152,0.026098,-0.158875,-0.171515,0.171665,-0.116680,-0.039151,0.044324,-0.000002,0.213304,-0.122499,0.121278,0.516268,-27.551575,-10.617354,18.968834,-74.881691,22.717449,-28.198725,165.386703,3.570486,47.658432,-19.584791,-7.497690,0.076754,1.313618,0.124025,0.038506,0.037025,0.273110,-0.380579,0.148346,0.059450,-0.195421,0.420644,0.912591,0.170693,,-0.542023,,,,
255,1,0,,0.851784,0.840856,-0.010928,-0.055127,-0.094861,0.314646,-0.007558,-0.078271,0.634572,0.933641,0.598289,0.300000,0.291934,-0.738490,0.638026,-0.288887,-0.009716,0.283726,0.139875,0.780000,-0.527104,0.224268,0.308714,0.520953,0.139454,0.253130,-0.559373,0.759150,-0.417763,0.109626,0.299917,0.089195,0.780000,-0.715896,0.360726,0.148885,-0.001895,0.160546,0.038804,-0.179116,-0.121124,0.128876,-0.119342,-0.016190,0.050680,0.000000,0.188792,-0.136458,0.159829,0.522848,-2.952822,18.829903,23.142759,-71.569550,-4.564146,-20.529394,166.024307,17.275480,48.445648,-23.978638,-8.426764,-0.901364,1.125582,0.133482,0.122481,0.062197,0.286786,-0.411373,0.144317,0.093652,-0.246341,0.415404,0.899607,0.142665,,-0.499181,,,,
256,1,0,,0.853532,0.840000,-0.013532,-0.063602,-0.099262,0.355107,-0.027272,-0.082301,0.665726,0.992689,0.848877,0.300000,0.303428,-0.709028,0.671216,-0.317165,-0.005691,0.293490,0.150552,0.780000,-0.555819,0.167961,0.354703,0.514864,0.136172,0.257928,-0.516290,0.758891,-0.412731,0.109723,0.299928,0.088988,0.779916,-0.725737,0.342993,0.145457,-0.001543,0.163828,0.045500,-0.192738,-0.087675,0.095566,-0.115414,-0.006438,0.061565,0.000084,0.169918,-0.175032,0.209246,0.516407,-17.391754,39.069016,36.316925,-71.597244,-24.601301,-22.332172,176.800247,14.113058,44.653641,-31.888464,-5.503153,-2.846190,0.924249,0.116016,0.088134,0.056892,0.284159,-0.458038,0.132636,0.132177,-0.289493,0.425207,0.893291,0.135745,,-0.427887,,,,
257,1,0,,0.854969,0.839595,-0.015374,-0.071336,-0.101932,0.407593,-0.049416,-0.084433,0.702531,1.044643,1.162962,0.300000,0.316684,-0.675162,0.703089,-0.343643,-0.005730,0.300000,0.161052,0.780000,-0.583514,0.104740,0.381961,0.503303,0.129260,0.269751,-0.461192,0.765724,-0.412251,0.110124,0.299925,0.088918,0.779786,-0.748072,0.327181,0.138893,-0.001209,0.170740,0.046933,-0.213969,-0.062635,0.068608,-0.115853,0.000075,0.072133,0.000214,0.164558,-0.222441,0.243068,0.504512,-20.015728,36.964325,38.038731,-74.001984,-28.770552,-9.275512,163.251328,17.144339,34.915329,-48.186115,-6.355165,-4.790273,0.742890,0.099101,0.204295,0.088760,0.286706,-0.538758,0.116898,0.154401,-0.305713,0.409137,0.848943,0.118502,,-0.358080,,,,
258,1,0,,0.856335,0.840092,-0.016243,-0.078065,-0.102921,0.472305,-0.076172,-0.082941,0.750471,1.079334,1.525877,0.300000,0.333464,-0.632487,0.732330,-0.366516,-0.013905,0.300000,0.171192,0.780000,-0.609163,0.027694,0.371719,0.480792,0.116229,0.288354,-0.391777,0.778745,-0.413522,0.110755,0.299910,0.087941,0.779754,-0.784990,0.315700,0.128487,-0.000977,0.183771,0.045109,-0.240710,-0.046415,0.047006,-0.124660,0.000091,0.083251,0.000246,0.175827,-0.288006,0.243233,0.481769,-45.664692,37.916836,34.270454,-70.639236,-28.394377,-0.288354,132.621140,-10.367513,31.286942,-54.900650,-4.085213,-6.949167,0.535058,0.051469,0.217404,0.106253,0.254466,-0.630400,0.094726,0.185638,-0.310762,0.391031,0.833314,0.121515,,-0.280965,,,,
259,1,0,,0.857893,0.841774,-0.016118,-0.083104,-0.100919,0.546159,-0.104668,-0.079375,0.803941,1.111172,1.379401,0.300000,0.349203,-0.586899,0.757681,-0.387991,-0.018691,0.300000,0.174574,0.780000,-0.647052,-0.032584,0.296324,0.449242,0.095818,0.313391,-0.309490,0.795766,-0.416487,0.110867,0.299939,0.082162,0.779762,-0.836243,0.314481,0.111814,-0.000910,0.204182,0.035812,-0.277409,-0.038085,0.028497,-0.129558,0.000061,0.092413,0.000238,0.189191,-0.347065,0.184510,0.450152,-25.055822,34.193069,46.810841,-69.796623,-30.049047,11.763446,118.240318,-24.713768,5.164254,-59.801914,4.005783,-12.194498,0.500829,0.030152,0.233281,0.129917,0.221325,-0.715437,0.056650,0.219093,-0.325152,0.374123,0.788523,0.156109,,-0.156685,,,,
260,1,0,,0.859890,0.844051,-0.015839,-0.085000,-0.097403,0.622401,-0.133826,-0.073830,0.860057,1.114400,1.003559,0.299999,0.364421,-0.539855,0.781085,-0.408764,-0.021782,0.300000,0.174574,0.780000,-0.691065,-0.084468,0.188325,0.413168,0.067129,0.339509,-0.221057,0.813929,-0.420860,0.110380,0.299925,0.067905,0.767912,-0.896856,0.317660,0.088910,-0.000951,0.232870,0.024912,-0.318798,-0.032844,0.012096,-0.132162,0.000075,0.106670,0.012088,0.205791,-0.402128,0.099415,0.414119,-53.074490,18.620361,49.063126,-70.554573,-30.549271,22.692984,74.930779,-41.099701,-7.214914,-42.245346,4.370530,-15.445739,0.532263,-0.037352,0.244062,0.152157,0.175067,-0.766284,0.015457,0.224398,-0.327508,0.350451,0.743978,0.162950,,-0.056449,,,,
261,1,0,,0.862536,0.847888,-0.014648,-0.081709,-0.093910,0.698498,-0.139871,-0.069366,0.945493,1.069475,0.415658,0.263741,0.368517,-0.469370,0.779466,-0.415167,-0.013167,0.300000,0.180810,0.779730,-0.726516,-0.092647,0.080324,0.341405,0.027717,0.362587,-0.126638,0.830377,-0.422922,0.109815,0.299606,0.045797,0.739642,-0.959963,0.326750,0.060441,-0.000989,0.236024,0.005930,-0.342732,-0.050911,0.007755,-0.122982,0.000394,0.135013,0.040088,0.233448,-0.419397,0.019883,0.342394,-41.654335,20.734022,49.684704,-71.723320,-22.140385,28.459322,10.203498,-36.873569,-9.302982,-42.328884,7.762763,-21.659573,0.572523,-0.094180,0.264140,0.171953,0.141158,-0.830755,-0.032310,0.245418,-0.309465,0.306493,0.699212,0.190469,,0.083466,,,,
262,1,0,,0.865635,0.851780,-0.013855,-0.075765,-0.089704,0.770539,-0.134811,-0.065432,1.023033,1.047232,0.264600,0.218182,0.371247,-0.399203,0.779125,-0.420025,0.000827,0.300000,0.180740,0.767165,-0.755147,-0.077224,-0.021236,0.272239,-0.014728,0.381595,-0.035247,0.843157,-0.423341,0.107897,0.297605,0.014512,0.699174,-1.023942,0.347363,0.030434,-0.001069,0.232910,-0.010348,-0.363957,-0.064032,0.003317,-0.107070,0.002395,0.166227,0.067991,0.268795,-0.424587,-0.051671,0.273308,12.569654,7.364754,52.130707,-78.582443,-23.319025,29.318501,24.537271,-63.591995,-5.541266,-21.193037,12.908053,-16.768959,0.637084,-0.100145,0.177390,0.189030,0.061011,-0.860015,-0.054744,0.241858,-0.309770,0.308117,0.654737,0.242221,,0.142231,,,,
263,1,0,,0.869281,0.855783,-0.013498,-0.068647,-0.086051,0.830163,-0.108139,-0.064487,1.084873,1.012488,0.606463,0.154016,0.371247,-0.329678,0.781353,-0.421797,0.025585,0.300000,0.168043,0.729987,-0.770134,-0.014569,-0.109911,0.208282,-0.048516,0.391667,0.034111,0.844376,-0.422080,0.107106,0.293476,-0.024131,0.651296,-1.077764,0.363470,0.005826,-0.001208,0.202531,-0.020420,-0.363789,-0.063023,0.000284,-0.081521,0.006524,0.192174,0.078692,0.307629,-0.378039,-0.115737,0.209490,32.051991,-30.401163,37.810612,-70.474571,-18.981514,29.288221,30.967104,-72.457664,5.573857,8.212221,6.255264,-11.185308,0.739834,-0.098978,0.246168,0.180606,0.000886,-0.829863,-0.055829,0.194777,-0.290623,0.302288,0.619535,0.225514,,0.143523,,,,
264,1,0,,0.873319,0.858406,-0.014913,-0.060187,-0.082663,0.873000,-0.087146,-0.063194,1.133848,1.007966,0.580576,0.102126,0.371247,-0.271844,0.792471,-0.429200,0.055364,0.300000,0.128332,0.679082,-0.818568,0.037914,-0.133477,0.160466,-0.071741,0.392603,0.079204,0.832571,-0.420474,0.104492,0.289410,-0.065976,0.604547,-1.110709,0.373288,-0.009142,-0.001266,0.173866,-0.021356,-0.351049,-0.040100,-0.008725,-0.049128,0.010590,0.194308,0.074535,0.292141,-0.335373,-0.124335,0.161732,35.477818,-23.362801,21.979033,-71.017609,-22.360413,27.948784,31.480812,-69.493652,12.972262,28.675093,8.599228,-4.394794,0.616075,-0.097991,0.194164,0.171653,-0.039191,-0.776214,-0.037789,0.187895,-0.299098,0.300048,0.585889,0.236439,,0.145688,,,,
265,1,0,,0.877366,0.860338,-0.017028,-0.050657,-0.075716,0.902536,-0.068947,-0.061820,1.176404,1.027964,0.246057,0.056377,0.371247,-0.219860,0.808039,-0.439421,0.087657,0.300000,0.075099,0.621305,-0.883742,0.085310,-0.124458,0.120726,-0.087892,0.392552,0.108604,0.813782,-0.420426,0.101122,0.286007,-0.109587,0.565118,-1.119714,0.377185,-0.015577,-0.001349,0.144269,-0.021305,-0.328464,-0.005743,-0.018995,-0.013465,0.013993,0.184686,0.056187,0.235972,-0.291875,-0.108881,0.122075,-0.193427,-22.700216,10.209037,-63.724018,-22.495420,23.030519,2.649378,-55.137623,12.063442,25.767017,3.551533,-0.548969,0.697031,-0.124162,0.228344,0.144331,-0.071255,-0.739283,-0.024339,0.186735,-0.299132,0.278875,0.552727,0.217640,,0.146874,,,,
266,1,0,,0.881203,0.860173,-0.021030,-0.040316,-0.067221,0.921052,-0.063172,-0.056128,1.193842,1.043743,0.313408,0.035704,0.371247,-0.195095,0.827230,-0.458654,0.118565,0.300000,-0.007463,0.588717,-0.975809,0.136190,-0.121128,0.109408,-0.098164,0.391320,0.124755,0.791044,-0.423133,0.098548,0.279895,-0.153945,0.523263,-1.110719,0.378486,-0.013640,-0.001442,0.133868,-0.020073,-0.319849,0.036186,-0.035522,0.020017,0.020105,0.146482,0.065453,0.134909,-0.242296,-0.107487,0.110851,2.573535,-25.335901,10.066367,-59.134968,-22.936153,23.656235,-13.922034,-48.757961,7.459082,22.601240,5.146350,4.325038,0.810981,-0.117681,0.239139,0.149194,-0.103763,-0.694677,0.002663,0.182509,-0.309802,0.253466,0.499559,0.221598,,0.150261,,,,
267,1,0,,0.884530,0.859604,-0.024926,-0.032506,-0.061198,0.936022,-0.055890,-0.050614,1.208596,1.055838,0.256829,0.015921,0.370620,-0.174238,0.847412,-0.479608,0.142025,0.300000,-0.091007,0.558966,-1.062208,0.187122,-0.120472,0.099353,-0.103852,0.388305,0.136754,0.770622,-0.425050,0.100469,0.269186,-0.191474,0.484058,-1.088527,0.381599,-0.010991,-0.001552,0.119773,-0.017685,-0.310993,0.076790,-0.054559,0.041557,0.030814,0.100467,0.074908,0.026320,-0.194477,-0.109481,0.100905,14.429806,-38.052982,20.898287,-23.932907,-14.159454,28.142355,-9.774116,-32.419689,8.564631,20.757685,5.185023,1.517111,0.897702,-0.107002,0.334437,0.181584,-0.110777,-0.649037,-0.004488,0.159103,-0.287730,0.235483,0.467381,0.228162,,0.176081,,,,
268,1,0,,0.886715,0.858229,-0.028486,-0.027654,-0.059673,0.948851,-0.045719,-0.045355,1.217973,1.081760,0.507221,-0.002089,0.368737,-0.161196,0.869574,-0.504001,0.150573,0.300000,-0.176497,0.534887,-1.137238,0.238153,-0.125170,0.091814,-0.105332,0.384500,0.145203,0.757683,-0.425190,0.105829,0.256814,-0.222163,0.451452,-1.061869,0.384561,-0.008090,-0.001626,0.103243,-0.015763,-0.306399,0.111891,-0.078811,0.044744,0.043186,0.045665,0.083435,-0.075369,-0.146409,-0.117080,0.093440,10.734291,-37.229885,13.731734,-24.827194,-14.741058,27.269337,0.209272,-37.939228,11.156118,8.796187,4.137495,3.329288,0.948707,-0.099713,0.338055,0.176587,-0.138772,-0.636974,0.004687,0.157043,-0.288336,0.228018,0.443610,0.227217,,0.169615,,,,
269,1,0,,0.887807,0.856807,-0.031000,-0.024022,-0.058919,0.959017,-0.030584,-0.041276,1.224039,1.137562,0.638328,-0.022674,0.356773,-0.154653,0.879842,-0.526832,0.152831,0.300000,-0.254963,0.515416,-1.184741,0.276396,-0.134400,0.084277,-0.105257,0.383627,0.153993,0.750850,-0.422544,0.107728,0.244221,-0.252387,0.422588,-1.036920,0.395831,-0.004241,-0.001695,0.082583,-0.026854,-0.308647,0.128992,-0.104288,0.045103,0.055779,-0.002576,0.092828,-0.147821,-0.119435,-0.130159,0.085972,37.550312,6.169382,29.569035,-49.008366,-14.674109,27.156216,2.221227,-25.242174,0.725660,-0.405535,8.572371,2.383841,0.918164,-0.080392,0.293348,0.179429,-0.154158,-0.632141,0.007354,0.210347,-0.278444,0.215017,0.399377,0.266788,,0.203378,,,,
270,1,0,,0.888085,0.855363,-0.032723,-0.021831,-0.060026,0.967783,-0.012971,-0.037820,1.228481,1.174310,0.895932,-0.044546,0.339764,-0.151363,0.884158,-0.548880,0.151941,0.300000,-0.329906,0.498252,-1.218463,0.308237,-0.145898,0.076741,-0.103999,0.384113,0.163661,0.750603,-0.420427,0.108946,0.229725,-0.278848,0.391750,-1.008545,0.403108,-0.000118,-0.001753,0.059453,-0.044349,-0.315025,0.133555,-0.128453,0.042995,0.070275,-0.051058,0.106502,-0.209917,-0.094872,-0.145781,0.078495,59.115185,-3.298737,23.394073,-12.246842,-11.977700,25.432180,16.728830,-22.298740,-5.986741,23.764355,2.089067,1.962072,0.962604,-0.062336,0.382658,0.170736,-0.168800,-0.547013,0.011174,0.200359,-0.276101,0.205930,0.355380,0.244133,,0.203099,,,,
271,1,0,,0.887630,0.853999,-0.033631,-0.018918,-0.063777,0.977256,0.006025,-0.045272,1.245244,1.214479,0.585807,-0.070992,0.306509,-0.138434,0.881959,-0.569786,0.146144,0.293894,-0.380827,0.480326,-1.218356,0.322626,-0.152871,0.057961,-0.104106,0.384585,0.174262,0.756304,-0.419356,0.109079,0.217790,-0.297795,0.365986,-0.972345,0.403475,0.002795,-0.001800,0.033114,-0.078076,-0.312696,0.125655,-0.150430,0.037065,0.076105,-0.083032,0.114339,-0.246011,-0.080849,-0.155666,0.059761,-3.421378,-7.593823,33.458092,-53.524292,-21.435726,30.359512,18.416451,-29.689722,5.653047,17.035257,-0.860284,1.850503,1.055333,-0.108043,0.305894,0.185022,-0.179674,-0.506137,0.010767,0.196585,-0.294584,0.204583,0.355342,0.231594,,0.235590,,,,
272,1,0,,0.887094,0.852263,-0.034831,-0.014124,-0.065488,0.990943,0.020200,-0.052586,1.260486,1.283180,0.365951,-0.092101,0.272386,-0.127007,0.879074,-0.591271,0.140045,0.278534,-0.432950,0.455231,-1.212142,0.334279,-0.158293,0.042075,-0.106981,0.386973,0.189011,0.761458,-0.417624,0.103868,0.209971,-0.315976,0.347894,-0.937612,0.403375,0.002939,-0.001813,0.014880,-0.114588,-0.316018,0.117616,-0.173647,0.036177,0.068563,-0.116974,0.107337,-0.274530,-0.069096,-0.161231,0.043887,6.173366,29.671982,38.512077,-68.741440,-21.704765,22.010956,18.434790,-21.012501,-0.226018,-6.727259,1.694872,-0.806651,1.099129,-0.109763,0.192794,0.145673,-0.192857,-0.522956,0.000182,0.245181,-0.293486,0.204603,0.333105,0.236946,,0.261992,,,,
273,1,0,,0.886764,0.849783,-0.036981,-0.008445,-0.066550,1.003005,0.024874,-0.059129,1.272892,1.315432,0.237534,-0.102524,0.236525,-0.118589,0.874816,-0.613918,0.133345,0.244649,-0.487491,0.415787,-1.193716,0.340461,-0.160613,0.031986,-0.108524,0.387444,0.201351,0.762615,-0.416958,0.096586,0.201601,-0.334856,0.325012,-0.904982,0.392945,0.002095,-0.001784,0.006000,-0.150919,-0.319940,0.112201,-0.196960,0.036759,0.043048,-0.152635,0.090774,-0.288734,-0.052484,-0.162708,0.033770,25.895779,-21.211929,28.276278,-59.441280,-26.065893,30.083124,17.217758,-30.314209,-1.503945,17.725258,-7.374359,-0.471566,0.990595,-0.094427,0.267193,0.162651,-0.221197,-0.447582,-0.000117,0.183846,-0.305274,0.190760,0.301902,0.186224,,0.251177,,,,
274,1,0,,0.886679,0.847392,-0.039287,-0.002772,-0.068163,1.010779,0.027827,-0.062289,1.285451,1.349678,0.296561,-0.111282,0.199911,-0.110493,0.864346,-0.633610,0.128409,0.209037,-0.536052,0.377580,-1.156880,0.338234,-0.147404,0.024583,-0.107354,0.384436,0.209576,0.759896,-0.416435,0.091216,0.191512,-0.351313,0.298297,-0.868463,0.378983,0.000889,-0.001836,-0.003928,-0.184524,-0.320069,0.104450,-0.217175,0.037193,0.017525,-0.184739,0.079283,-0.288418,-0.040749,-0.148293,0.026419,60.741138,-14.065886,34.567696,-59.944160,-20.302633,27.057470,23.586706,-18.270267,-3.025083,13.735266,-3.485370,-1.064220,1.043115,-0.064336,0.273247,0.149809,-0.219632,-0.408655,-0.003237,0.183474,-0.293162,0.181545,0.270969,0.181455,,0.270247,,,,
275,1,0,,0.886239,0.845046,-0.041193,0.000587,-0.068808,1.022000,0.029931,-0.063760,1.298095,1.396215,0.128000,-0.119208,0.162920,-0.102558,0.850766,-0.651824,0.124356,0.172558,-0.581622,0.339992,-1.110829,0.331800,-0.126423,0.018524,-0.104808,0.383551,0.221846,0.758798,-0.411834,0.084649,0.179828,-0.365134,0.270171,-0.831903,0.364316,-0.001260,-0.001905,-0.014400,-0.220631,-0.324403,0.091968,-0.239990,0.039707,-0.007270,-0.216487,0.069821,-0.278926,-0.032516,-0.125162,0.020429,62.132664,13.444564,38.829594,-43.731079,-12.459216,22.531967,23.210741,-3.936427,-12.104952,3.959104,-6.828622,-2.507223,1.116428,-0.056495,0.320725,0.124609,-0.213802,-0.392339,-0.010281,0.217407,-0.262039,0.166550,0.226395,0.156594,,0.298467,,,,
276,1,0,,0.885462,0.842964,-0.042499,0.003152,-0.070647,1.039005,0.031566,-0.060909,1.315760,1.413795,0.344138,-0.126776,0.125631,-0.090629,0.829032,-0.664052,0.122417,0.141196,-0.615145,0.313458,-1.037528,0.313332,-0.095020,0.008191,-0.103922,0.383885,0.240324,0.762954,-0.410493,0.078042,0.167722,-0.373884,0.236006,-0.796568,0.342482,0.002426,-0.001952,-0.022854,-0.258254,-0.330953,0.066079,-0.253559,0.044375,-0.026526,-0.241261,0.077452,-0.240959,-0.029151,-0.097446,0.010143,11.732160,-7.992784,31.692759,-46.052151,-25.068306,26.324547,7.677255,-13.656752,-2.071058,9.252560,-8.360078,4.904819,1.162525,-0.096080,0.337363,0.129487,-0.222034,-0.348906,0.022871,0.195933,-0.299261,0.144846,0.203647,0.117246,,0.300715,,,,
277,1,0,,0.884358,0.840716,-0.043642,0.006055,-0.072743,1.057684,0.032935,-0.056745,1.334373,1.437146,0.402220,-0.133512,0.089264,-0.078053,0.806661,-0.674985,0.120442,0.111896,-0.643904,0.291580,-0.955313,0.292595,-0.068458,-0.003081,-0.103486,0.384771,0.260430,0.769197,-0.411189,0.070080,0.156079,-0.380595,0.201128,-0.764158,0.315525,0.008899,-0.001924,-0.030026,-0.295507,-0.338483,0.037463,-0.263796,0.050362,-0.044183,-0.263309,0.090452,-0.191155,-0.022930,-0.077357,-0.001157,35.099827,21.040457,20.137709,-49.855179,-21.039755,18.674538,3.059775,-13.977018,1.828997,2.783769,-9.170197,3.761426,1.115274,-0.080596,0.336014,0.099780,-0.228352,-0.336848,0.027086,0.229654,-0.286281,0.130351,0.175027,0.082792,,0.304796,,,,
278,1,0,,0.882460,0.838138,-0.044323,0.009861,-0.071634,1.073572,0.033780,-0.049917,1.354880,1.456176,0.496958,-0.138584,0.054746,-0.064185,0.783017,-0.683328,0.118395,0.086724,-0.663128,0.279019,-0.855273,0.267323,-0.051594,-0.016230,-0.101894,0.391036,0.275877,0.778604,-0.411004,0.063275,0.145604,-0.390530,0.172375,-0.735872,0.291159,0.016663,-0.001809,-0.036691,-0.336290,-0.340062,0.004414,-0.272324,0.055121,-0.058881,-0.272598,0.106644,-0.119401,-0.023836,-0.068257,-0.014421,13.423976,43.255207,1.772128,-43.035072,-21.030582,21.195381,-14.324172,-14.465966,9.744677,5.080663,-5.639433,6.486801,0.978606,-0.090165,0.369570,0.101864,-0.245376,-0.312930,0.043568,0.270200,-0.287855,0.111981,0.164633,0.073232,,0.291130,,,,
279,1,0,,0.879585,0.835500,-0.044085,0.016491,-0.067520,1.082700,0.034329,-0.042731,1.376589,1.453518,0.897396,-0.141657,0.020645,-0.049561,0.758479,-0.688020,0.115823,0.068093,-0.677350,0.274361,-0.755227,0.231077,-0.028829,-0.032405,-0.099153,0.401686,0.282293,0.790258,-0.409878,0.056386,0.137483,-0.404280,0.153782,-0.712977,0.278672,0.022572,-0.001658,-0.042504,-0.381041,-0.331854,-0.031779,-0.278142,0.059438,-0.069391,-0.273070,0.120579,-0.042251,-0.047595,-0.051401,-0.030746,17.076988,40.847855,1.718998,-51.565578,-18.046804,18.996370,-2.609457,-5.067187,8.037000,-8.525308,-1.989312,3.043685,0.965356,-0.082273,0.351884,0.086439,-0.255255,-0.329144,0.037436,0.284274,-0.279539,0.117612,0.152025,0.089912,,0.290471,,,,
280,1,0,,0.875395,0.832832,-0.042563,0.024858,-0.066584,1.085279,0.034820,-0.035369,1.398895,1.439798,1.232540,-0.143728,-0.013245,-0.034561,0.733493,-0.690884,0.112989,0.052736,-0.689068,0.273658,-0.655183,0.189339,-0.003112,-0.050092,-0.092737,0.410570,0.275308,0.806404,-0.410388,0.050657,0.130445,-0.414760,0.147103,-0.695551,0.273438,0.023896,-0.001573,-0.050991,-0.423815,-0.309868,-0.072911,-0.280496,0.062332,-0.077708,-0.274309,0.126555,0.040368,-0.084099,-0.027008,-0.048519,22.229332,9.934373,-9.219859,-4.235886,-13.087721,12.375508,-19.736687,0.333486,8.908037,-2.629900,-3.479231,0.211229,0.934775,-0.060367,0.489035,0.070090,-0.250934,-0.311029,0.024572,0.256432,-0.271906,0.099889,0.157638,0.088870,,0.253599,,,,
281,1,0,,0.868573,0.829521,-0.039052,0.032953,-0.067850,1.086378,0.036120,-0.028785,1.419823,1.497372,1.024937,-0.143986,-0.043395,-0.021870,0.716833,-0.690061,0.109336,0.042814,-0.698390,0.258074,-0.585338,0.167699,0.010540,-0.070200,-0.082942,0.424671,0.258784,0.835912,-0.410689,0.043082,0.124838,-0.422791,0.158472,-0.683467,0.271493,0.020215,-0.001502,-0.061043,-0.468066,-0.280654,-0.119078,-0.279372,0.066254,-0.082024,-0.275599,0.099602,0.098130,-0.103794,-0.009676,-0.068698,14.030296,60.841816,-7.368884,-0.733154,-8.502501,1.391244,-18.605154,3.501827,8.389701,-10.461397,-2.961511,-2.626508,0.898225,-0.051078,0.557682,0.035282,-0.255115,-0.326621,0.006583,0.337514,-0.260220,0.101887,0.183677,0.093423,,0.233698,,,,
282,1,0,,0.859190,0.825671,-0.033519,0.041191,-0.070240,1.089067,0.038338,-0.023578,1.440359,1.476882,0.799545,-0.144503,-0.072476,-0.010072,0.706333,-0.688900,0.105166,0.035669,-0.708091,0.242330,-0.533477,0.159001,0.014175,-0.090869,-0.072311,0.446238,0.236623,0.881478,-0.418083,0.028952,0.121298,-0.432105,0.176140,-0.685945,0.258297,0.004054,-0.001592,-0.072192,-0.518714,-0.246695,-0.175145,-0.270817,0.076214,-0.085629,-0.275986,0.066190,0.152468,-0.099296,0.010120,-0.089277,11.357977,32.788506,-12.928204,31.933241,-9.674103,-7.910030,-21.106787,7.995694,-0.092589,-10.883988,0.317336,-2.904242,0.851414,-0.037050,0.702896,-0.012077,-0.255330,-0.334486,0.000607,0.345335,-0.285266,0.096525,0.187059,0.101989,,0.192980,,,,
283,1,0,,0.852804,0.820742,-0.032062,0.041042,-0.077394,1.104658,0.042197,-0.021130,1.460114,1.447001,0.657210,-0.145540,-0.099420,-0.000061,0.708158,-0.687062,0.099957,0.034081,-0.718553,0.226273,-0.517607,0.176206,-0.002239,-0.112662,-0.062234,0.470155,0.213795,0.943127,-0.432530,0.008232,0.119707,-0.444156,0.195447,-0.724227,0.225924,-0.019355,-0.001696,-0.083306,-0.569574,-0.213857,-0.234970,-0.254533,0.091725,-0.085627,-0.274398,0.030826,0.206621,-0.049718,0.017116,-0.110966,16.716633,50.479103,-28.945908,80.369995,-5.831730,-20.499512,-56.718845,-8.782627,-18.002359,80.925926,51.538357,26.209345,0.853946,-0.026415,0.916892,-0.073162,-0.295613,-0.234285,0.021059,0.390033,-0.297616,0.076482,0.183582,0.136232,,0.147284,,,,
284,1,0,,0.848408,0.816446,-0.031962,0.037897,-0.086432,1.119928,0.046899,-0.019447,1.481188,1.356658,0.813947,-0.145870,-0.121527,0.011372,0.719937,-0.674347,0.093345,0.039164,-0.720945,0.218329,-0.523551,0.184358,-0.011789,-0.135219,-0.057227,0.496327,0.190949,1.025434,-0.440748,-0.011286,0.117539,-0.447759,0.214339,-0.756245,0.220449,-0.030398,-0.001692,-0.088642,-0.617853,-0.179577,-0.305497,-0.233599,0.104631,-0.078374,-0.273185,0.003991,0.232694,-0.036091,0.018608,-0.133527,-13.907969,18.409330,-14.739160,78.815933,-0.924365,-9.452898,-37.711853,-4.838792,-27.056139,101.948433,54.676800,23.285883,0.936190,-0.060624,1.044379,-0.057430,-0.273834,-0.104310,-0.003401,0.380284,-0.281878,0.089300,0.181013,0.177534,,0.152547,,,,
285,1,0,,0.846168,0.812467,-0.033701,0.036568,-0.094674,1.128768,0.052031,-0.018215,1.502926,1.294277,0.899555,-0.145845,-0.141214,0.023518,0.736700,-0.656187,0.086030,0.047588,-0.719296,0.214447,-0.540414,0.187979,-0.017905,-0.158161,-0.059290,0.516347,0.172549,1.106238,-0.441560,-0.021356,0.115160,-0.447033,0.225574,-0.781316,0.236303,-0.038101,-0.001636,-0.086554,-0.657560,-0.149032,-0.369538,-0.214627,0.107386,-0.067572,-0.272263,-0.011127,0.240901,-0.048324,0.020197,-0.156525,-4.361190,19.825670,-6.458130,23.667810,-1.358810,-3.890006,-2.960863,-9.616403,-29.981129,100.346077,45.238106,22.413628,0.952788,-0.068360,0.978055,-0.042527,-0.275782,-0.091456,-0.000177,0.391461,-0.274595,0.108299,0.182491,0.186502,,0.148298,,,,
286,1,0,,0.845509,0.810550,-0.034959,0.037144,-0.097706,1.133638,0.053477,-0.015989,1.524755,1.220466,0.868732,-0.139814,-0.154947,0.039319,0.756294,-0.621518,0.078040,0.059129,-0.716703,0.224480,-0.584698,0.188547,-0.033853,-0.175967,-0.065985,0.529155,0.160789,1.166598,-0.438166,-0.026041,0.112706,-0.445927,0.231398,-0.795785,0.252222,-0.044247,-0.001591,-0.073829,-0.684101,-0.121470,-0.410304,-0.183352,0.104080,-0.053578,-0.270776,-0.006918,0.211087,-0.063676,0.010394,-0.174376,1.531873,13.763671,4.745684,9.097090,2.739092,-1.613979,-0.202830,-13.702133,-29.297682,104.334244,44.203129,20.116724,0.904909,-0.082139,0.963898,-0.035431,-0.277486,-0.074644,-0.006390,0.385462,-0.254957,0.107340,0.187122,0.210077,,0.160522,,,,
287,1,0,,0.846050,0.810133,-0.035918,0.036428,-0.099274,1.137235,0.053042,-0.013992,1.545921,1.149904,0.826623,-0.131644,-0.164308,0.056219,0.780020,-0.576773,0.068087,0.068514,-0.714599,0.234484,-0.629842,0.181130,-0.054237,-0.191394,-0.073968,0.533456,0.158200,1.214267,-0.432877,-0.032265,0.108382,-0.440973,0.235754,-0.801552,0.266907,-0.050003,-0.001585,-0.057676,-0.697764,-0.101981,-0.434247,-0.143896,0.100352,-0.039867,-0.273625,-0.001269,0.171711,-0.085777,-0.004234,-0.189808,45.977303,-5.954334,9.146790,44.928188,3.732512,-4.084623,27.862183,3.568504,-32.679790,98.984810,43.672665,15.694162,0.963840,-0.060810,1.052197,-0.052922,-0.245815,-0.117344,-0.027076,0.352500,-0.247232,0.115071,0.178536,0.214950,,0.170308,,,,
288,1,0,,0.847183,0.812717,-0.034466,0.034372,-0.100179,1.140646,0.048785,-0.012344,1.565752,1.120561,0.801858,-0.119196,-0.164921,0.075317,0.812013,-0.511865,0.054208,0.073584,-0.713474,0.244424,-0.676693,0.157731,-0.083499,-0.202058,-0.078718,0.533221,0.153276,1.259035,-0.424858,-0.036680,0.102607,-0.433959,0.238467,-0.803240,0.280599,-0.053913,-0.001606,-0.040477,-0.698142,-0.077959,-0.447022,-0.087007,0.090888,-0.029023,-0.279515,0.005957,0.126547,-0.122867,-0.029586,-0.200452,34.256001,8.044364,-2.175389,29.138639,4.053903,-1.818310,19.126223,1.246802,-29.556488,96.046387,44.367027,16.998438,0.926642,-0.065520,1.062831,-0.045784,-0.240426,-0.078512,-0.030864,0.361751,-0.232670,0.100503,0.185609,0.229081,,0.145125,,,,
289,1,0,,0.848801,0.815169,-0.033632,0.032038,-0.100080,1.144427,0.045059,-0.014595,1.582960,1.073251,0.542608,-0.110178,-0.148003,0.101670,0.878059,-0.429835,0.011263,0.076434,-0.708160,0.251718,-0.725298,0.146108,-0.114758,-0.209047,-0.081663,0.530350,0.145496,1.302352,-0.417696,-0.040646,0.097305,-0.425186,0.241425,-0.801030,0.294243,-0.056518,-0.001645,-0.028515,-0.678353,-0.043826,-0.424293,-0.012138,0.051909,-0.020870,-0.282974,0.010292,0.075732,-0.148135,-0.058240,-0.207402,45.148434,-18.424135,7.861995,43.387291,2.751515,-2.640673,36.548603,20.309849,-39.730766,97.899406,43.127663,6.034836,0.975718,-0.059517,1.134998,-0.053305,-0.206212,-0.105941,-0.053960,0.323345,-0.232092,0.109630,0.157924,0.239445,,0.152317,,,,
290,1,0,,0.850719,0.817555,-0.033164,0.028668,-0.099815,1.149327,0.041532,-0.018779,1.598872,1.056429,0.552027,-0.102879,-0.122313,0.131652,0.961145,-0.339237,-0.046227,0.078173,-0.700749,0.257688,-0.774779,0.140379,-0.147016,-0.214195,-0.082819,0.526368,0.140310,1.348766,-0.408409,-0.046984,0.091706,-0.414449,0.244980,-0.796144,0.308144,-0.058278,-0.001645,-0.020060,-0.648680,-0.008658,-0.387621,0.069172,0.000757,-0.013532,-0.286301,0.012708,0.021365,-0.167766,-0.088738,-0.212550,59.022045,7.401857,13.035017,37.331367,4.826551,-3.731610,39.815380,24.473814,-46.587456,93.435074,39.831490,-10.010160,0.943145,-0.045913,1.176056,-0.065851,-0.190506,-0.159949,-0.086463,0.348628,-0.212400,0.104159,0.138369,0.244241,,0.156878,,,,
291,1,0,,0.852730,0.820845,-0.031886,0.025580,-0.098560,1.154284,0.037463,-0.028601,1.601996,1.029431,0.551582,-0.106150,-0.085151,0.163302,1.069141,-0.247886,-0.112934,0.069531,-0.679499,0.252647,-0.809919,0.168248,-0.158946,-0.207244,-0.082821,0.522908,0.137626,1.396871,-0.395943,-0.054559,0.086611,-0.403717,0.248332,-0.789538,0.320472,-0.059464,-0.001644,-0.023329,-0.608060,0.025676,-0.327730,0.148058,-0.058374,-0.017080,-0.275782,0.004315,-0.020381,-0.152224,-0.099482,-0.205600,69.075485,3.185367,11.575513,38.980404,4.322871,-3.801537,50.362709,37.088291,-56.244709,81.875267,33.221718,-33.789677,0.952704,-0.037245,1.231458,-0.075141,-0.166133,-0.236201,-0.152540,0.339619,-0.196798,0.107623,0.094874,0.244739,,0.152634,,,,
292,1,0,,0.854555,0.824869,-0.029687,0.022764,-0.098077,1.153876,0.033180,-0.038435,1.598651,1.017844,0.619137,-0.110367,-0.044406,0.187797,1.177139,-0.158523,-0.178833,0.057051,-0.654962,0.243019,-0.838758,0.197118,-0.164905,-0.193554,-0.077507,0.519159,0.126976,1.447382,-0.377151,-0.065800,0.078872,-0.394820,0.243540,-0.785562,0.330385,-0.059824,-0.001624,-0.032860,-0.563566,0.060821,-0.270243,0.218628,-0.113033,-0.021821,-0.260142,-0.000521,-0.053196,-0.133267,-0.105081,-0.191929,62.677204,34.460960,-7.880817,37.256207,6.861405,-8.799952,-9.405067,60.997284,-52.420506,51.833488,30.720980,-6.138193,0.939524,-0.018380,1.278221,-0.104106,-0.135326,-0.321242,-0.078678,0.371973,-0.160897,0.051667,0.095004,0.239312,,0.104506,,,,
293,1,0,,0.856049,0.830363,-0.025686,0.019857,-0.097048,1.149261,0.028629,-0.048364,1.582318,1.010641,0.738509,-0.116471,0.003511,0.197967,1.285140,-0.073137,-0.243116,0.036893,-0.623850,0.224212,-0.854989,0.227977,-0.158921,-0.166376,-0.068331,0.518017,0.108756,1.496795,-0.358367,-0.076036,0.068150,-0.389978,0.229624,-0.786176,0.340545,-0.059887,-0.001615,-0.048140,-0.514506,0.089211,-0.211655,0.285230,-0.167080,-0.031257,-0.233872,-0.005412,-0.068814,-0.112568,-0.099035,-0.164761,47.596397,48.722019,6.594322,4.518260,1.382322,-4.134598,17.623785,64.344734,-56.490200,32.936184,26.968555,-33.184853,0.925222,-0.015940,1.265088,-0.099555,-0.135097,-0.379849,-0.153400,0.391299,-0.158835,0.054887,0.035327,0.242821,,0.105312,,,,
294,1,0,,0.857392,0.835872,-0.021521,0.018342,-0.095754,1.145955,0.022801,-0.057294,1.568412,0.980891,0.710364,-0.107313,0.067783,0.183594,1.385941,-0.012899,-0.272155,0.017936,-0.588404,0.208793,-0.860205,0.257435,-0.148701,-0.138058,-0.059439,0.517737,0.091744,1.533881,-0.341046,-0.086325,0.058224,-0.386276,0.213079,-0.788732,0.351020,-0.060458,-0.001618,-0.047874,-0.449954,0.091850,-0.147939,0.328147,-0.185830,-0.040288,-0.202128,-0.004286,-0.071472,-0.093585,-0.088243,-0.136440,56.451977,67.849792,6.005941,-22.911556,1.893097,-6.623731,21.164114,101.632095,-53.250797,20.509081,22.706322,-36.107700,0.933785,-0.002186,1.221534,-0.117166,-0.099230,-0.407177,-0.169144,0.415013,-0.139780,0.050340,0.040203,0.243880,,0.087541,,,,
295,1,0,,0.858865,0.841387,-0.017478,0.017971,-0.095305,1.148494,0.016366,-0.065770,1.555750,0.935351,0.666867,-0.090517,0.140243,0.156936,1.483142,0.034755,-0.283555,-0.000421,-0.550786,0.195069,-0.859907,0.286193,-0.136361,-0.109168,-0.049739,0.517649,0.074833,1.552787,-0.327958,-0.091775,0.051816,-0.378850,0.202910,-0.787756,0.358035,-0.063857,-0.001599,-0.040778,-0.377406,0.082102,-0.069645,0.362713,-0.191780,-0.052238,-0.171936,-0.007841,-0.072150,-0.071842,-0.072504,-0.107568,64.070183,87.086555,7.103858,-37.389996,-1.677221,-0.904649,45.665501,104.164986,-56.061909,33.938927,21.648439,-37.195267,0.928092,0.016689,1.168030,-0.098907,-0.075658,-0.371669,-0.204856,0.440183,-0.143696,0.067819,0.028767,0.246097,,0.071774,,,,
296,1,0,,0.860558,0.846486,-0.014072,0.017414,-0.096451,1.158107,0.013033,-0.072769,1.559945,0.933474,0.682281,-0.064751,0.219699,0.127557,1.556913,-0.013640,-0.255217,-0.005370,-0.506180,0.198964,-0.845835,0.308319,-0.128924,-0.095743,-0.037982,0.517750,0.057060,1.553425,-0.313187,-0.089397,0.047745,-0.365349,0.199290,-0.781164,0.362693,-0.064844,-0.001543,-0.026768,-0.298051,0.070497,0.003488,0.299546,-0.165820,-0.053115,-0.140832,-0.000325,-0.064671,-0.054374,-0.064080,-0.094201,45.098957,101.241364,-4.730584,-39.155212,2.842032,3.579719,-1.348775,119.398041,-41.272892,23.115503,19.713270,-27.257427,0.897786,0.019520,1.123428,-0.075308,-0.033141,-0.371953,-0.132556,0.469898,-0.111757,0.036881,0.108226,0.240313,,0.035284,,,,
297,1,0,,0.862362,0.851535,-0.010826,0.015888,-0.099407,1.173221,0.010838,-0.080019,1.564003,0.929411,0.657250,-0.038441,0.294932,0.095178,1.612546,-0.053651,-0.221364,-0.009263,-0.459982,0.202607,-0.829705,0.329342,-0.121877,-0.084032,-0.023488,0.518155,0.034438,1.538665,-0.305907,-0.077876,0.043457,-0.346652,0.197803,-0.770096,0.363307,-0.062359,-0.001507,-0.014952,-0.223224,0.060740,0.073880,0.252256,-0.143488,-0.052720,-0.113330,0.004803,-0.059609,-0.033965,-0.059518,-0.082525,41.999271,86.340584,-9.337428,-47.778461,-4.754735,8.097347,8.038802,104.747688,-45.628815,37.694168,18.909868,-29.472574,0.882469,0.038457,1.053686,-0.038068,-0.027645,-0.323386,-0.134641,0.433182,-0.139687,0.039582,0.091847,0.232398,,0.000270,,,,
298,1,0,,0.864404,0.856484,-0.007920,0.015326,-0.102333,1.189260,0.010949,-0.087797,1.567735,0.937937,0.739899,-0.011047,0.361697,0.056796,1.631871,-0.076827,-0.176490,-0.011050,-0.410603,0.205735,-0.809461,0.348158,-0.115608,-0.075746,-0.007282,0.518321,0.003510,1.506896,-0.303539,-0.058872,0.038194,-0.326731,0.191473,-0.757092,0.362053,-0.058187,-0.001493,-0.003765,-0.156623,0.053287,0.124976,0.226711,-0.117618,-0.049244,-0.083872,0.014262,-0.052369,-0.013895,-0.057421,-0.074252,41.249321,82.127563,-3.568668,-55.728386,-0.289692,11.909122,-2.392574,89.360977,-44.863495,35.433113,17.026703,-28.022121,0.870352,0.057265,0.959993,-0.001238,-0.015844,-0.313358,-0.121079,0.427124,-0.129321,0.023257,0.088861,0.226534,,-0.027040,,,,
299,1,0,,0.866687,0.859565,-0.007122,0.015544,-0.102885,1.203033,0.008795,-0.095662,1.569790,0.940943,0.710613,0.016039,0.418557,0.016998,1.627094,-0.105673,-0.126253,-0.014807,-0.365114,0.208072,-0.796304,0.369379,-0.110117,-0.069328,0.010256,0.517637,-0.035789,1.457372,-0.304689,-0.033522,0.030525,-0.309478,0.177017,-0.743557,0.356830,-0.055953,-0.001539,0.005784,-0.099079,0.052787,0.169722,0.199016,-0.092731,-0.045332,-0.055635,0.031054,-0.052747,0.012549,-0.054164,-0.067790,40.550419,37.082016,-3.530222,-51.820808,-6.910855,16.297766,-4.384560,45.819050,-44.583920,59.080780,16.439917,-13.539114,0.861428,0.077806,0.864087,0.044609,-0.053125,-0.236829,-0.086809,0.376608,-0.154311,0.008723,0.064107,0.215794,,-0.074025,,,,
300,1,0,,0.869242,0.861711,-0.007531,0.014687,-0.100933,1.216817,0.005506,-0.103568,1.571027,0.935559,1.031200,0.042972,0.470457,-0.023508,1.610251,-0.137356,-0.073334,-0.019551,-0.321573,0.210013,-0.786694,0.391803,-0.105016,-0.063847,0.026775,0.515469,-0.076498,1.392844,-0.305901,-0.012939,0.021473,-0.293148,0.161637,-0.728112,0.353124,-0.055162,-0.001630,0.016197,-0.045012,0.052990,0.217407,0.168545,-0.060395,-0.041025,-0.028424,0.048376,-0.058582,0.038679,-0.049854,-0.062217,34.147457,34.750923,0.665075,-53.919147,-3.326167,7.763336,-16.502554,67.239746,-29.297272,49.090088,19.988436,-10.064302,0.904496,0.085842,0.754168,0.032082,-0.016369,-0.249562,-0.078433,0.366700,-0.142707,-0.010217,0.098668,0.224465,,-0.106764,,,,
301,1,0,,0.871712,0.861623,-0.010090,0.010817,-0.096727,1.230867,-0.000421,-0.109707,1.567146,0.956410,1.000163,0.066474,0.508767,-0.062170,1.559570,-0.173505,-0.034296,-0.027748,-0.282269,0.208257,-0.784061,0.418092,-0.099240,-0.056101,0.043430,0.511182,-0.117877,1.316248,-0.305901,0.006793,0.010003,-0.278255,0.147642,-0.712593,0.352805,-0.054688,-0.001737,0.023044,-0.002415,0.055708,0.243322,0.132396,-0.041090,-0.037750,-0.004014,0.060615,-0.071468,0.065287,-0.044552,-0.054364,42.857510,3.460846,1.592597,-39.515640,-3.158886,12.180055,-15.112853,13.596516,-33.245071,69.017090,23.606976,-4.445433,0.955574,0.110424,0.703211,0.066653,-0.058819,-0.185238,-0.067403,0.325446,-0.142796,-0.028262,0.070731,0.237311,,-0.149870,,,,
302,1,0,,0.874029,0.860890,-0.013139,0.006644,-0.088683,1.239358,-0.006627,-0.114394,1.562265,0.969425,0.924137,0.086868,0.542519,-0.098682,1.497616,-0.204773,0.001250,-0.036226,-0.244628,0.205648,-0.783042,0.445466,-0.092576,-0.047505,0.057304,0.503922,-0.157871,1.229991,-0.304984,0.025690,-0.003044,-0.268420,0.127964,-0.698888,0.353374,-0.054259,-0.001868,0.029564,0.038598,0.059189,0.267624,0.100211,-0.024439,-0.033182,0.023791,0.077684,-0.084154,0.092092,-0.038317,-0.045638,40.822491,-10.883368,18.424164,-42.451088,1.563902,10.720190,8.024688,9.679576,-38.598919,64.450348,23.820436,-17.634813,1.037408,0.113596,0.588593,0.076860,-0.061256,-0.185079,-0.091713,0.296079,-0.129625,-0.028399,0.035631,0.239858,,-0.162379,,,,
303,1,0,,0.875996,0.858871,-0.017124,0.001946,-0.079559,1.244926,-0.013416,-0.116165,1.555336,0.977967,0.716770,0.101039,0.567155,-0.130891,1.413109,-0.226267,0.029813,-0.045266,-0.210314,0.201336,-0.785252,0.475013,-0.084132,-0.037207,0.065567,0.492624,-0.185003,1.136628,-0.298894,0.037736,-0.015745,-0.260383,0.108612,-0.687869,0.358735,-0.053773,-0.002015,0.035472,0.074531,0.054112,0.276481,0.072626,-0.007923,-0.029521,0.050068,0.092725,-0.097383,0.116278,-0.030360,-0.035193,53.223366,-11.372047,15.686655,-40.557487,4.117174,5.875882,14.869390,17.015114,-34.286686,50.854652,25.465490,-19.973394,1.120429,0.116958,0.489417,0.066015,-0.046991,-0.218275,-0.101166,0.278193,-0.107886,-0.035263,0.023128,0.255025,,-0.182251,,,,
304,1,0,,0.877361,0.856406,-0.020955,-0.005989,-0.070370,1.252203,-0.017660,-0.114290,1.550979,0.982248,0.800913,0.102867,0.588191,-0.150975,1.312942,-0.230913,0.048417,-0.051214,-0.175166,0.198983,-0.781962,0.503432,-0.075312,-0.030855,0.070692,0.480884,-0.197058,1.042226,-0.285179,0.042098,-0.029000,-0.252312,0.096376,-0.678577,0.366730,-0.053437,-0.002164,0.032175,0.107307,0.046083,0.270716,0.054266,0.006319,-0.022214,0.077146,0.102607,-0.103385,0.136702,-0.021876,-0.028691,36.313519,13.704265,1.561482,-34.284206,5.243987,1.382787,-14.420869,40.095081,-26.882393,45.555454,22.160378,-18.797146,1.209968,0.106011,0.409732,0.049467,-0.016494,-0.224713,-0.094102,0.293858,-0.080385,-0.069839,0.040131,0.258168,,-0.202997,,,,
305,1,0,,0.877971,0.853718,-0.024253,-0.013903,-0.061080,1.259485,-0.020642,-0.110583,1.547897,0.961636,0.357063,0.098517,0.607423,-0.164988,1.204943,-0.227126,0.062034,-0.055612,-0.139603,0.197611,-0.775920,0.531284,-0.066305,-0.026477,0.072209,0.470809,-0.201571,0.954002,-0.269127,0.046960,-0.039197,-0.244877,0.091299,-0.671000,0.374020,-0.052693,-0.002290,0.026308,0.136614,0.036583,0.250942,0.042001,0.015075,-0.016415,0.105274,0.106312,-0.104920,0.157264,-0.013611,-0.024188,49.132889,-8.880949,4.678922,-8.726550,4.762015,5.388045,42.840260,15.840944,-41.342388,52.559010,25.125767,-25.887890,1.291572,0.103954,0.387594,0.067237,-0.035709,-0.199483,-0.115033,0.262441,-0.064612,-0.032693,0.006361,0.270849,,-0.197626,,,,
306,1,0,,0.877871,0.850506,-0.027364,-0.019168,-0.051146,1.261328,-0.021190,-0.102461,1.547670,0.917986,0.286068,0.076860,0.627525,-0.149920,1.096942,-0.227751,0.041865,-0.057462,-0.105405,0.198620,-0.764968,0.555227,-0.060545,-0.026030,0.072135,0.462846,-0.206087,0.877055,-0.256471,0.051479,-0.044569,-0.239836,0.089391,-0.666065,0.379737,-0.050968,-0.002406,0.004725,0.164679,0.056167,0.219887,0.028720,-0.009614,-0.012894,0.134432,0.109229,-0.098902,0.175490,-0.009577,-0.023623,43.765461,21.612562,-2.609002,-14.450634,2.409029,2.174511,15.564830,37.013557,-35.577995,49.255619,24.363108,-28.413383,1.368702,0.100088,0.328669,0.062413,-0.013045,-0.209635,-0.116027,0.290923,-0.063062,-0.046167,0.017358,0.272618,,-0.213996,,,,
307,1,0,,0.877486,0.847170,-0.030316,-0.023801,-0.041675,1.262332,-0.021546,-0.093795,1.544959,0.852006,0.290679,0.055264,0.644320,-0.132148,0.988944,-0.223058,0.025734,-0.059095,-0.073666,0.198276,-0.756483,0.577544,-0.055368,-0.023939,0.069708,0.458813,-0.200585,0.814358,-0.243655,0.051109,-0.047952,-0.233862,0.089533,-0.662465,0.390615,-0.048358,-0.002476,-0.014444,0.185507,0.068437,0.174586,0.020597,-0.025375,-0.011143,0.160195,0.108743,-0.094018,0.186929,-0.007009,-0.021463,30.757637,1.841620,12.794608,4.678819,5.522742,-1.211514,42.661671,30.525070,-41.005455,49.671097,24.650322,-27.385733,1.435222,0.082010,0.334417,0.045717,-0.011495,-0.203341,-0.111681,0.273528,-0.041035,-0.028669,0.001553,0.283955,,-0.175041,,,,
308,1,0,,0.876731,0.843584,-0.033147,-0.024963,-0.034720,1.256440,-0.021563,-0.084042,1.537287,0.763125,0.208013,0.033797,0.654494,-0.108971,0.880943,-0.207716,0.017703,-0.060293,-0.046849,0.195221,-0.752942,0.596610,-0.051353,-0.018557,0.065760,0.456075,-0.188842,0.771815,-0.233865,0.053316,-0.048524,-0.226915,0.082838,-0.662604,0.403782,-0.044887,-0.002513,-0.031963,0.198419,0.079871,0.109127,0.026150,-0.035613,-0.011768,0.180065,0.112383,-0.090338,0.192828,-0.006466,-0.016044,35.438877,-6.824997,8.746854,24.812544,3.436123,4.078454,54.738869,21.431826,-43.745964,39.427395,4.140314,-27.238729,1.434273,0.079287,0.376451,0.068505,-0.011979,-0.238610,-0.104472,0.263840,-0.043468,-0.014404,-0.015660,0.260036,,-0.166783,,,,
309,1,0,,0.875541,0.840769,-0.034772,-0.024845,-0.030343,1.244248,-0.021327,-0.074803,1.522375,0.681255,0.289783,0.022915,0.649463,-0.103009,0.772944,-0.185065,0.014379,-0.059646,-0.023804,0.188972,-0.752576,0.606463,-0.042621,-0.007171,0.062594,0.455440,-0.171561,0.751008,-0.231005,0.055519,-0.048311,-0.219334,0.069905,-0.666924,0.419392,-0.040676,-0.002547,-0.039678,0.194023,0.068553,0.021936,0.045940,-0.041140,-0.011335,0.195530,0.119067,-0.085652,0.187071,-0.001945,-0.004623,22.688591,12.623848,4.446321,16.538097,1.437630,1.362668,49.505344,36.413399,-31.946285,17.572212,-6.528773,-21.707104,1.447565,0.069593,0.390183,0.060750,0.012769,-0.294786,-0.082395,0.289049,-0.055972,-0.015647,0.002913,0.256497,,-0.149200,,,,
310,1,0,,0.873441,0.838339,-0.035102,-0.025154,-0.031084,1.230829,-0.021077,-0.065816,1.503849,0.606814,0.591553,0.017331,0.636821,-0.105662,0.664943,-0.158755,0.013411,-0.058075,-0.002647,0.181124,-0.753799,0.611705,-0.031529,0.007221,0.060276,0.455429,-0.152114,0.748089,-0.231435,0.058195,-0.047733,-0.209195,0.055950,-0.677747,0.439039,-0.035822,-0.002511,-0.042945,0.181392,0.046452,-0.083146,0.072680,-0.044784,-0.010342,0.206548,0.125174,-0.076052,0.172666,0.004292,0.009732,0.432013,39.279129,-4.655382,15.504103,-2.608364,2.150062,24.723093,74.459030,-21.862806,-35.891453,-35.604942,4.233337,1.465556,0.055010,0.425504,0.067760,0.065513,-0.415647,-0.022034,0.315633,-0.068176,-0.030641,0.008866,0.208515,,-0.144545,,,,
311,1,0,,0.869867,0.836235,-0.033632,-0.024968,-0.035917,1.216684,-0.020249,-0.059375,1.488739,0.586675,0.499509,0.015233,0.632406,-0.113815,0.630860,-0.141788,-0.004538,-0.051389,0.013697,0.178113,-0.766161,0.604435,-0.013043,0.017674,0.058318,0.456171,-0.141145,0.756656,-0.232611,0.064357,-0.045381,-0.200797,0.041380,-0.700375,0.464615,-0.029337,-0.002469,-0.043085,0.176235,0.027330,-0.125796,0.090823,-0.068894,-0.006008,0.214494,0.136733,-0.065786,0.139820,0.016295,0.020142,-6.642885,33.900272,-4.618176,8.128398,-3.408483,4.674453,28.084028,30.117476,-6.238576,-32.390373,-43.610195,12.616214,1.404240,0.049346,0.441861,0.085155,0.023952,-0.459909,0.004372,0.312872,-0.071977,-0.020343,0.019118,0.226993,,-0.141877,,,,
312,1,0,,0.864315,0.834575,-0.029739,-0.024308,-0.042316,1.204431,-0.018752,-0.055356,1.473781,0.615511,0.567458,0.012121,0.629463,-0.117233,0.619524,-0.118423,-0.011716,-0.043194,0.027787,0.171657,-0.785298,0.590937,0.005510,0.027630,0.055700,0.455723,-0.136393,0.766027,-0.246771,0.079339,-0.038496,-0.199199,0.035126,-0.740401,0.497769,-0.015074,-0.002522,-0.043579,0.173740,0.019160,-0.146504,0.128348,-0.091056,-0.004698,0.226986,0.136531,-0.044897,0.093169,0.020585,0.030152,3.844611,-4.172645,8.923651,-10.481981,14.473454,20.792330,42.452900,15.091711,11.886043,-81.733574,-33.842461,25.350807,1.476365,0.052017,0.421369,0.147444,-0.003076,-0.690333,0.070572,0.269450,-0.087720,0.007356,0.049785,0.294389,,-0.120483,,,,
313,1,0,,0.857836,0.833807,-0.024029,-0.021669,-0.050353,1.190267,-0.015745,-0.056174,1.459108,0.640969,0.533869,0.006977,0.629463,-0.111170,0.653698,-0.082246,0.002676,-0.031982,0.037363,0.158301,-0.817993,0.564978,0.024192,0.036594,0.056023,0.450871,-0.146353,0.785783,-0.284733,0.083618,-0.025534,-0.210589,0.035482,-0.808615,0.532342,0.009713,-0.002611,-0.049046,0.178592,0.035183,-0.132085,0.202487,-0.080942,-0.006448,0.247952,0.122819,-0.009378,0.032636,0.014479,0.039205,37.083771,-35.548767,36.897148,-52.660545,39.356369,32.105343,88.339760,-35.396622,3.886395,-100.834045,7.377742,17.733679,1.834136,0.084455,0.395154,0.186783,-0.095502,-0.929707,0.091886,0.220994,-0.082458,0.062207,0.040537,0.426601,,-0.104302,,,,
314,1,0,,0.853670,0.832758,-0.020912,-0.014723,-0.060308,1.171644,-0.010670,-0.058470,1.445315,0.663047,0.503883,0.003128,0.629463,-0.116906,0.702294,-0.075336,0.032216,-0.017962,0.032397,0.141828,-0.873701,0.522863,0.028996,0.043854,0.056336,0.440108,-0.166697,0.817058,-0.316437,0.070953,-0.009026,-0.229992,0.032969,-0.898230,0.573608,0.033768,-0.002840,-0.053209,0.189355,0.049790,-0.114764,0.241101,-0.038737,-0.008937,0.262389,0.108859,0.024530,-0.050745,-0.004772,0.046693,63.191975,-34.255070,52.825405,-68.005157,42.829483,38.296375,81.933441,-20.099573,-4.337088,-76.876175,17.803520,11.040187,1.540876,0.095325,0.317816,0.199371,-0.105730,-1.141387,0.095241,0.199195,-0.068320,0.084540,0.023451,0.514789,,-0.050597,,,,
315,1,0,,0.850686,0.831569,-0.019118,-0.009789,-0.070169,1.160246,-0.004530,-0.061451,1.431947,0.710408,0.321444,-0.000074,0.629463,-0.128548,0.758107,-0.083075,0.069336,-0.002538,0.020154,0.123796,-0.940925,0.472663,0.026852,0.050259,0.054767,0.427475,-0.178790,0.839976,-0.341891,0.061423,0.006372,-0.249791,0.032471,-0.989931,0.604972,0.050141,-0.003089,-0.054841,0.201988,0.050242,-0.081869,0.258816,0.007913,-0.008909,0.269944,0.091325,0.049007,-0.132309,-0.023289,0.053348,32.081558,-19.977020,55.487930,-66.012184,35.758121,38.956257,71.601112,-21.387754,-7.850455,-70.339485,3.961053,6.594577,1.731434,0.069175,0.375631,0.203044,-0.128834,-1.175699,0.087708,0.204630,-0.124932,0.088783,0.020428,0.482805,,-0.040429,,,,
316,1,0,,0.848499,0.830829,-0.017671,-0.005212,-0.079265,1.158816,0.003521,-0.072975,1.428573,0.771369,0.321084,-0.011654,0.626806,-0.126533,0.829793,-0.139190,0.079600,0.015220,-0.010356,0.109104,-1.045070,0.382361,0.035011,0.044653,0.048538,0.417056,-0.180051,0.859797,-0.363294,0.055694,0.022217,-0.270545,0.032868,-1.082445,0.609100,0.061073,-0.003339,-0.060192,0.209750,0.053518,-0.030005,0.224105,0.023906,-0.006997,0.260189,0.076237,0.037375,-0.226739,-0.026062,0.047992,15.499213,-41.540295,56.010384,-52.093216,41.390465,38.788410,83.278053,-41.008789,-7.825750,-70.399666,-4.252425,4.748776,1.918863,0.041164,0.454519,0.185324,-0.171711,-1.273416,0.086777,0.170939,-0.118507,0.111569,0.021280,0.428151,,-0.019384,,,,
317,1,0,,0.846828,0.830842,-0.015986,0.000630,-0.088151,1.163767,0.011813,-0.083805,1.428539,0.827130,0.345541,-0.025834,0.618082,-0.121855,0.889378,-0.191518,0.088989,0.034075,-0.044548,0.098447,-1.150504,0.287133,0.048515,0.035257,0.037686,0.408072,-0.173758,0.877497,-0.381702,0.051957,0.040093,-0.294133,0.035238,-1.176857,0.585716,0.066179,-0.003558,-0.063519,0.210010,0.051902,0.011881,0.190184,0.037032,-0.006019,0.249584,0.063210,0.026353,-0.298583,-0.017664,0.038815,-2.333384,-55.871513,58.392460,-45.836273,20.424765,38.029243,51.648994,-67.920425,2.513796,-70.439217,-13.284925,1.344551,2.055304,0.010799,0.477091,0.191188,-0.227178,-1.308060,0.074703,0.147619,-0.192499,0.117243,0.041672,0.342115,,-0.005333,,,,
318,1,0,,0.845662,0.832362,-0.013300,0.008031,-0.096312,1.171567,0.020473,-0.093328,1.435301,0.869944,0.170295,-0.045213,0.597209,-0.111850,0.924729,-0.236243,0.096640,0.055129,-0.086108,0.095866,-1.258505,0.182057,0.072717,0.018278,0.024327,0.399073,-0.164857,0.891135,-0.396685,0.047754,0.058521,-0.323664,0.038385,-1.273836,0.539769,0.065812,-0.003788,-0.069540,0.198135,0.053006,0.033594,0.160442,0.048886,-0.003393,0.237556,0.057481,0.015331,-0.357712,0.006905,0.022067,-8.403523,-83.624779,54.530594,-47.863346,28.493820,35.151291,49.212765,-96.827614,4.617840,-66.040039,-15.111060,-1.366414,2.216968,-0.011662,0.480641,0.145826,-0.303544,-1.331114,0.060578,0.098757,-0.185011,0.133948,0.048528,0.259119,,-0.022564,,,,
319,1,0,,0.845345,0.834578,-0.010767,0.015412,-0.103617,1.176259,0.027044,-0.101073,1.439070,0.864185,0.184519,-0.058794,0.569415,-0.107140,0.944904,-0.274706,0.098097,0.083197,-0.138722,0.103330,-1.366503,0.104261,0.118677,0.003962,0.012648,0.387521,-0.159402,0.898285,-0.408843,0.047524,0.074921,-0.358684,0.041316,-1.366967,0.488644,0.061950,-0.003957,-0.071442,0.181894,0.052263,0.046619,0.134136,0.050572,0.008276,0.219962,0.062014,0.000464,-0.384383,0.056727,0.007919,26.075861,-75.714325,52.300591,-65.197281,-4.210876,38.262154,48.057358,-87.438400,9.377002,-25.743883,-9.601277,-2.066099,2.283982,0.004062,0.374136,0.173351,-0.343031,-1.270223,0.050394,0.097818,-0.266083,0.141035,0.058750,0.221721,,-0.031511,,,,
320,1,0,,0.846241,0.837142,-0.009098,0.018993,-0.110097,1.179047,0.032581,-0.107920,1.441337,0.814283,0.388125,-0.069473,0.538157,-0.105079,0.957483,-0.310036,0.096452,0.114778,-0.196874,0.115822,-1.474504,0.040117,0.175530,-0.009022,0.005769,0.371206,-0.155654,0.896047,-0.416581,0.047758,0.088432,-0.390451,0.050176,-1.436004,0.442274,0.056563,-0.004106,-0.075242,0.166951,0.050575,0.061437,0.106545,0.048694,0.026346,0.193577,0.065645,-0.038500,-0.402157,0.118967,-0.004916,23.657984,-87.706429,51.953815,-69.132027,-0.930262,35.516102,44.748608,-90.373291,7.788344,13.001681,-7.518638,-2.809082,2.373569,0.007273,0.319721,0.174000,-0.366623,-1.208972,0.041519,0.052572,-0.259681,0.146542,0.069164,0.186835,,-0.044423,,,,
321,1,0,,0.848228,0.838962,-0.009266,0.021066,-0.116010,1.179614,0.037228,-0.115946,1.429467,0.794178,0.358349,-0.069956,0.500558,-0.118209,0.959471,-0.341172,0.096052,0.136527,-0.261781,0.124311,-1.555137,0.060529,0.133284,-0.008744,0.001180,0.349982,-0.153857,0.885019,-0.420997,0.047809,0.101489,-0.418020,0.063763,-1.477477,0.399329,0.049936,-0.004244,-0.071136,0.150576,0.035647,0.074452,0.079826,0.048243,0.035039,0.156238,0.060548,-0.077660,-0.338800,0.083349,-0.004500,3.065344,-91.747696,42.441475,-48.992836,-0.449936,33.287086,44.113102,-93.474915,9.579466,17.568478,-8.363865,-3.340389,2.440682,-0.007361,0.409435,0.137423,-0.384603,-1.181554,0.031293,0.007834,-0.256392,0.160861,0.089513,0.146816,,-0.081879,,,,
322,1,0,,0.850960,0.841389,-0.009572,0.021551,-0.121839,1.180284,0.040399,-0.123298,1.419373,0.776768,0.546624,-0.070272,0.460463,-0.128928,0.956359,-0.370131,0.095567,0.159462,-0.320359,0.141088,-1.612866,0.083361,0.083900,-0.009545,-0.001917,0.325103,-0.151744,0.867955,-0.423137,0.047430,0.114331,-0.439474,0.083515,-1.492139,0.376407,0.039285,-0.004358,-0.068356,0.135360,0.022817,0.088404,0.053006,0.048137,0.045131,0.119115,0.057573,-0.120727,-0.293046,0.044615,-0.005187,17.560986,-81.171555,49.365906,-61.701710,-2.889364,33.169144,37.744743,-81.474678,4.700636,46.591534,4.119505,-7.150480,2.507720,0.003454,0.299930,0.146912,-0.378721,-1.070524,0.005419,0.002007,-0.259774,0.167989,0.107207,0.189956,,-0.057672,,,,
323,1,0,,0.854539,0.845031,-0.009507,0.020045,-0.127219,1.184505,0.040475,-0.129393,1.412918,0.764664,0.759815,-0.070260,0.415373,-0.134810,0.943043,-0.394734,0.094908,0.184773,-0.366256,0.174459,-1.624753,0.110993,0.020276,-0.012514,-0.005121,0.297865,-0.144767,0.845800,-0.423083,0.048104,0.126710,-0.451165,0.109623,-1.475442,0.370531,0.021773,-0.004423,-0.065138,0.117508,0.009958,0.097244,0.028349,0.046805,0.058063,0.084908,0.064836,-0.149311,-0.259538,-0.001497,-0.008091,-4.923584,-64.392036,43.411793,-49.369698,-7.645519,30.287338,36.628502,-52.951321,1.603461,64.441582,1.344287,-12.984909,2.558108,-0.016539,0.334681,0.130412,-0.345422,-0.944311,-0.038270,-0.010099,-0.265929,0.181180,0.133339,0.196350,,-0.068997,,,,
324,1,0,,0.858208,0.847493,-0.010716,0.020851,-0.129696,1.187521,0.041287,-0.134617,1.403396,0.756299,0.416281,-0.069283,0.370899,-0.144040,0.929807,-0.419041,0.093811,0.203712,-0.403569,0.206120,-1.604393,0.144231,-0.036159,-0.010251,-0.010270,0.271135,-0.138643,0.820447,-0.423087,0.046728,0.139832,-0.457871,0.135759,-1.431475,0.368199,0.004131,-0.004410,-0.059013,0.099763,-0.005397,0.109360,0.004046,0.047082,0.063880,0.054302,0.070361,-0.172917,-0.223968,-0.040290,-0.005841,-25.673716,-49.528690,14.428555,-63.878834,-17.055067,18.405184,25.105932,-53.106144,9.225865,67.257294,0.176689,-8.049609,2.516857,-0.038785,0.246536,0.081574,-0.348266,-0.815037,-0.040475,-0.011631,-0.287860,0.186641,0.169950,0.194843,,-0.114166,,,,
325,1,0,,0.861618,0.849364,-0.012255,0.023351,-0.128089,1.187409,0.042500,-0.139393,1.392330,0.749425,0.409602,-0.067823,0.326734,-0.154945,0.916611,-0.443199,0.092493,0.219462,-0.436582,0.236924,-1.567892,0.180273,-0.088992,-0.005369,-0.015021,0.246108,-0.137567,0.792509,-0.422547,0.043768,0.151798,-0.461753,0.163579,-1.365328,0.367773,-0.009954,-0.004368,-0.052802,0.080626,-0.017378,0.124102,-0.020651,0.048725,0.067664,0.025171,0.073346,-0.202564,-0.187500,-0.079038,-0.001000,-5.557621,-40.141720,26.555361,-61.235184,-17.745142,24.531921,17.050659,-36.289448,11.804383,64.857346,0.949630,-6.621111,2.508558,-0.028236,0.206942,0.097615,-0.322118,-0.712102,-0.045336,-0.023762,-0.291222,0.189857,0.206062,0.199868,,-0.098465,,,,
326,1,0,,0.864741,0.850860,-0.013881,0.023896,-0.124026,1.185792,0.043577,-0.139250,1.391008,0.746334,0.333472,-0.070518,0.285556,-0.157052,0.899228,-0.464332,0.088618,0.223474,-0.455254,0.269056,-1.487007,0.215467,-0.125840,-0.007364,-0.016861,0.222608,-0.138334,0.764381,-0.422350,0.042707,0.159455,-0.462289,0.195550,-1.284645,0.367734,-0.024758,-0.004261,-0.053657,0.062948,-0.018717,0.134847,-0.041982,0.045911,0.064019,0.007036,0.073506,-0.202362,-0.152267,-0.101082,-0.003103,21.297785,-52.429058,26.076086,-67.620399,-21.974691,29.844450,35.975662,-31.626141,6.007012,56.504158,2.529869,-8.917254,2.454643,-0.006603,0.151837,0.126744,-0.316223,-0.620797,-0.067875,-0.055652,-0.300766,0.197997,0.229703,0.203276,,-0.099822,,,,
327,1,0,,0.867502,0.851749,-0.015753,0.023716,-0.120295,1.185273,0.045298,-0.137549,1.395041,0.738899,0.293468,-0.075167,0.247463,-0.154475,0.884063,-0.485925,0.084520,0.226458,-0.471250,0.301103,-1.397085,0.244663,-0.146800,-0.014548,-0.019365,0.199305,-0.134798,0.737861,-0.420376,0.043545,0.163936,-0.457900,0.226185,-1.195503,0.364094,-0.037385,-0.004173,-0.055802,0.048158,-0.019677,0.146201,-0.065549,0.040975,0.062521,-0.013350,0.074918,-0.201582,-0.119431,-0.109415,-0.010375,11.017453,-43.555359,48.422874,-41.726723,-0.686856,29.159311,54.878334,-4.844198,-13.851050,55.010773,-3.291188,-7.478199,2.427919,-0.018118,0.249100,0.128201,-0.271318,-0.513615,-0.071568,-0.069760,-0.246679,0.208898,0.227492,0.179540,,-0.044507,,,,
328,1,0,,0.869862,0.851424,-0.018438,0.024825,-0.115974,1.189158,0.048354,-0.132761,1.409798,0.761314,0.394803,-0.083725,0.215545,-0.142524,0.873338,-0.508441,0.079975,0.227386,-0.481897,0.332982,-1.289084,0.261851,-0.135956,-0.032119,-0.024143,0.178541,-0.126013,0.715076,-0.422798,0.044690,0.164647,-0.452453,0.242622,-1.103602,0.353981,-0.041275,-0.004098,-0.059582,0.037004,-0.016512,0.158262,-0.085643,0.035285,0.062739,-0.029444,0.090360,-0.185482,-0.092130,-0.094681,-0.028022,21.405094,-47.924572,46.745316,-49.927700,1.667848,32.567631,42.389278,-26.147461,-13.410411,43.443314,-4.155940,-0.312678,2.356014,-0.021007,0.208504,0.148257,-0.292006,-0.442676,-0.044178,-0.091763,-0.249342,0.191156,0.231826,0.156993,,-0.033446,,,,
329,1,0,,0.871823,0.850024,-0.021799,0.026493,-0.111418,1.196151,0.051293,-0.125373,1.422772,0.750179,0.341092,-0.090376,0.184981,-0.133016,0.862019,-0.530778,0.075056,0.221236,-0.497254,0.356134,-1.181085,0.272867,-0.130594,-0.048745,-0.027841,0.157026,-0.117992,0.690887,-0.424375,0.042874,0.164437,-0.448002,0.251249,-1.015599,0.337270,-0.041087,-0.004018,-0.062535,0.027955,-0.015024,0.171132,-0.106403,0.032181,0.056800,-0.049252,0.104884,-0.165487,-0.064402,-0.089507,-0.044727,43.338081,-61.420952,44.162098,-53.659988,10.853024,31.507462,51.526039,-21.655895,-5.862647,34.811008,-5.927934,-0.248052,2.346272,-0.006035,0.175489,0.135265,-0.280877,-0.390518,-0.041094,-0.130013,-0.232926,0.196520,0.248431,0.126295,,-0.034254,,,,
330,1,0,,0.873526,0.848086,-0.025439,0.027627,-0.106124,1.204308,0.054237,-0.116696,1.434864,0.747127,0.374969,-0.096072,0.155094,-0.124730,0.850402,-0.553026,0.069948,0.211544,-0.514968,0.374917,-1.073084,0.280795,-0.127977,-0.064898,-0.030338,0.135339,-0.108756,0.665878,-0.426219,0.040933,0.162326,-0.446544,0.252035,-0.934400,0.313366,-0.041644,-0.003971,-0.065734,0.019755,-0.015974,0.184523,-0.126807,0.029016,0.049218,-0.068424,0.122882,-0.138685,-0.032571,-0.086333,-0.060927,18.714758,-44.954285,37.329407,-50.520901,-0.226755,34.678425,17.956081,-30.974052,-6.175353,35.615032,-8.416393,-1.392438,2.297384,-0.023737,0.147672,0.149901,-0.297703,-0.331053,-0.046386,-0.130624,-0.256732,0.167149,0.240824,0.086523,,-0.045209,,,,
331,1,0,,0.874771,0.847837,-0.026934,0.028306,-0.100855,1.211975,0.051028,-0.102323,1.445900,0.705072,0.620638,-0.095372,0.121803,-0.116505,0.818543,-0.562855,0.064833,0.182558,-0.539643,0.358760,-0.965086,0.261149,-0.101521,-0.077474,-0.031233,0.113364,-0.100699,0.642243,-0.429364,0.042314,0.158556,-0.446850,0.249869,-0.861325,0.281390,-0.043560,-0.003922,-0.064139,0.008439,-0.015806,0.176301,-0.133491,0.022519,0.024002,-0.092793,0.108892,-0.103761,-0.020241,-0.057961,-0.073552,6.781712,-43.203430,15.427608,-37.837547,5.513776,33.737038,-2.880314,-14.057229,10.675991,14.591265,-11.932134,-0.372256,2.266514,-0.028058,0.168037,0.138227,-0.281079,-0.321076,-0.047866,-0.155928,-0.251217,0.147134,0.265136,0.034686,,-0.071583,,,,
332,1,0,,0.875168,0.847245,-0.027924,0.028024,-0.097506,1.219639,0.048265,-0.087520,1.459744,0.690387,0.701191,-0.095049,0.090626,-0.105599,0.788795,-0.571732,0.060336,0.152914,-0.561760,0.332263,-0.857085,0.234882,-0.072245,-0.091844,-0.030777,0.091986,-0.090345,0.625108,-0.436595,0.046048,0.153215,-0.448894,0.248342,-0.804757,0.254772,-0.042224,-0.003964,-0.064271,-0.001360,-0.015254,0.163687,-0.135137,0.014288,-0.000301,-0.112865,0.083921,-0.052328,-0.019890,-0.030021,-0.087880,18.092518,-32.582947,27.449272,-14.241573,19.664616,29.934875,-12.977283,-25.135931,2.122982,-3.077548,-5.413322,2.605129,2.265575,-0.017585,0.215706,0.127604,-0.300618,-0.338328,-0.032827,-0.162099,-0.233826,0.131844,0.249557,0.036644,,-0.040404,,,,
333,1,0,,0.874648,0.845966,-0.028682,0.027341,-0.092570,1.236073,0.046329,-0.071893,1.479275,0.698335,0.379853,-0.095484,0.063686,-0.089327,0.763286,-0.578708,0.057077,0.121967,-0.578749,0.285079,-0.749086,0.195373,-0.037333,-0.109808,-0.030215,0.077852,-0.068209,0.616619,-0.446723,0.046018,0.147098,-0.454831,0.241015,-0.764681,0.237109,-0.037123,-0.004042,-0.065269,-0.014166,-0.021117,0.146667,-0.131985,0.011060,-0.025131,-0.123918,0.044064,0.015594,-0.041736,-0.000210,-0.105766,-0.949774,5.434621,26.664907,-28.810665,33.880135,21.456173,-22.752159,-10.513312,1.045389,-7.793396,-5.799188,4.002491,2.366890,-0.031321,0.198092,0.098760,-0.298468,-0.341637,-0.019093,-0.119300,-0.207893,0.118597,0.236334,0.029476,,-0.009626,,,,
334,1,0,,0.873494,0.845222,-0.028272,0.028521,-0.084241,1.258373,0.045496,-0.059195,1.504351,0.694303,0.303761,-0.095565,0.040497,-0.069021,0.746195,-0.577895,0.054707,0.096348,-0.577148,0.220395,-0.641085,0.159706,-0.000381,-0.131302,-0.029810,0.070222,-0.043633,0.612554,-0.458236,0.045571,0.139320,-0.465035,0.221681,-0.735673,0.219183,-0.027767,-0.004118,-0.065755,-0.029726,-0.025388,0.133642,-0.119659,0.009136,-0.042972,-0.112113,-0.001287,0.094588,-0.059477,0.027386,-0.127184,-25.847639,0.820890,10.799650,-17.845463,35.078945,23.150061,-49.155163,-8.845602,6.235398,-9.306916,-8.693766,7.302305,2.405016,-0.045604,0.222287,0.101426,-0.314861,-0.339065,0.005723,-0.121704,-0.220175,0.086443,0.214119,0.002363,,-0.010227,,,,
335,1,0,,0.871122,0.844745,-0.026377,0.031392,-0.076173,1.277873,0.045375,-0.047970,1.532202,0.701470,0.323382,-0.095469,0.019186,-0.046696,0.733319,-0.573182,0.052781,0.073398,-0.566242,0.146951,-0.533087,0.125963,0.037590,-0.154563,-0.028498,0.065409,-0.023526,0.615510,-0.473885,0.042425,0.127290,-0.478767,0.192203,-0.720494,0.203763,-0.023718,-0.004187,-0.066971,-0.046223,-0.023170,0.117809,-0.099297,0.010356,-0.053892,-0.087475,-0.045251,0.187407,-0.077800,0.061308,-0.150376,1.464112,-2.910020,-8.480712,18.398687,45.596149,10.082937,-42.007790,2.240531,5.264929,-24.657564,-5.965816,-0.042947,2.468965,-0.023885,0.307163,0.061727,-0.323059,-0.388192,-0.021060,-0.125686,-0.188528,0.070211,0.176055,-0.000776,,-0.021686,,,,
336,1,0,,0.866758,0.842913,-0.023845,0.035045,-0.071424,1.296744,0.044611,-0.045211,1.548770,0.725163,0.333618,-0.091571,0.001599,-0.034894,0.744244,-0.568324,0.049910,0.058519,-0.563283,0.102007,-0.518768,0.107302,0.011853,-0.165815,-0.026308,0.065395,-0.004039,0.634741,-0.497655,0.034063,0.112734,-0.490468,0.159645,-0.716614,0.199995,-0.023416,-0.004211,-0.065263,-0.063797,-0.030855,0.109503,-0.070669,0.015848,-0.054214,-0.072815,-0.057639,0.197846,-0.092693,0.035269,-0.161604,-14.303050,40.438423,-8.618391,32.760113,45.504189,5.270782,-47.158562,23.604437,3.064851,-21.276371,0.223165,0.572460,2.439031,-0.030055,0.393960,0.033623,-0.305441,-0.397229,-0.021539,-0.067785,-0.241021,0.047774,0.137502,0.030472,,-0.001891,,,,
337,1,0,,0.859726,0.841018,-0.018707,0.040739,-0.070381,1.318886,0.043744,-0.044932,1.562984,0.791052,0.756930,-0.086796,-0.012397,-0.024487,0.766526,-0.558844,0.045361,0.045380,-0.562076,0.065119,-0.526804,0.082638,-0.012759,-0.175517,-0.024158,0.076578,0.008464,0.683953,-0.533863,0.027012,0.096814,-0.496451,0.114115,-0.716535,0.215900,-0.034301,-0.004191,-0.062638,-0.088975,-0.032951,0.082574,-0.024981,0.018349,-0.051434,-0.065625,-0.048996,0.189731,-0.133261,0.021542,-0.171326,26.548048,47.704948,-10.013692,93.692299,15.329119,2.501356,-2.818228,23.725943,-21.295805,-11.826978,11.768966,-13.674567,2.419009,-0.002195,0.703039,0.024170,-0.301169,-0.388731,-0.086681,-0.024996,-0.382345,0.056861,0.036577,0.103057,,-0.000589,,,,
338,1,0,,0.851660,0.838999,-0.012661,0.045632,-0.075658,1.344491,0.042563,-0.049629,1.572501,0.734480,0.783563,-0.080267,-0.019203,-0.016868,0.811539,-0.540107,0.037450,0.035720,-0.564374,0.044345,-0.579558,0.045945,-0.035086,-0.182126,-0.022107,0.098825,0.014605,0.766222,-0.572196,0.024099,0.087210,-0.500198,0.077242,-0.741703,0.212100,-0.023609,-0.004065,-0.058160,-0.118029,-0.031473,0.045317,0.032089,0.013350,-0.051491,-0.064176,-0.032897,0.162145,-0.166156,-0.011477,-0.178062,7.511631,38.593399,-12.666451,74.231979,9.126300,1.065258,-47.902714,29.707521,-28.814352,56.782074,55.650566,-36.191093,2.565449,-0.013187,0.788455,0.026690,-0.309595,-0.367068,-0.073025,0.000671,-0.429242,0.044451,0.009071,0.136038,,0.001947,,,,
339,1,0,,0.846580,0.838347,-0.008233,0.046135,-0.086420,1.362495,0.039127,-0.055651,1.579872,0.688556,0.512353,-0.071726,-0.008394,-0.009943,0.883252,-0.498778,0.034493,0.029892,-0.562882,0.045620,-0.637228,0.061910,-0.049798,-0.188150,-0.020637,0.121862,0.015051,0.861161,-0.590265,0.022863,0.080966,-0.501175,0.065609,-0.786528,0.206053,-0.006521,-0.003889,-0.051089,-0.130256,-0.024994,0.022091,0.091487,0.011630,-0.051074,-0.061707,-0.019989,0.149301,-0.144143,-0.043277,-0.184260,13.299119,52.127815,-12.868744,68.790184,-2.478312,-3.254464,-37.241661,24.513000,-46.184925,87.346962,53.436256,-37.410187,2.432457,-0.009083,1.053530,0.013610,-0.295392,-0.299708,-0.110790,0.037683,-0.446493,0.041021,-0.051104,0.171644,,-0.006513,,,,
340,1,0,,0.843570,0.838378,-0.005191,0.043638,-0.094457,1.371277,0.034542,-0.062317,1.586193,0.686956,0.456988,-0.062177,0.011233,-0.003365,0.968333,-0.446139,0.034016,0.025982,-0.559494,0.057931,-0.697361,0.104235,-0.060699,-0.193881,-0.020112,0.152436,0.008569,0.963372,-0.588526,0.018447,0.074442,-0.500593,0.063505,-0.827002,0.231424,-0.005008,-0.003611,-0.042065,-0.141204,-0.011934,0.004962,0.142388,0.015569,-0.048460,-0.058900,-0.005574,0.129641,-0.127190,-0.055691,-0.190269,34.145138,94.944794,-12.771634,55.741745,4.191497,-5.213884,-20.314634,47.023422,-53.127117,87.432770,37.093391,-33.904804,2.095217,0.002954,1.176837,-0.000801,-0.272028,-0.341852,-0.131414,0.145974,-0.401180,0.047499,-0.071202,0.194596,,-0.018644,,,,
341,1,0,,0.842238,0.839420,-0.002818,0.039407,-0.098594,1.372987,0.028220,-0.076699,1.578968,0.719246,0.401162,-0.047267,0.044653,-0.008603,1.076326,-0.338154,0.008295,0.009345,-0.554251,0.047638,-0.767331,0.161405,-0.057657,-0.182079,-0.019944,0.191374,-0.006084,1.067285,-0.566886,0.016847,0.066648,-0.497905,0.063573,-0.854278,0.257686,-0.008715,-0.003333,-0.027323,-0.146721,-0.002519,0.009040,0.228732,-0.008552,-0.057303,-0.056346,-0.015935,0.086947,-0.096281,-0.048942,-0.178746,24.913538,77.955521,-9.976234,55.947327,9.864115,0.115647,-17.632818,53.437145,-55.032135,81.321487,30.751127,-36.781734,2.001143,-0.003231,1.192991,0.017128,-0.258177,-0.357455,-0.198398,0.167041,-0.336979,0.036463,-0.136983,0.182108,,-0.034651,,,,
342,1,0,,0.842113,0.841791,-0.000323,0.033257,-0.103845,1.372200,0.022146,-0.088741,1.572067,0.742061,0.398327,-0.033710,0.084077,-0.010343,1.184327,-0.230153,-0.016688,-0.006396,-0.538775,0.038484,-0.814897,0.209842,-0.053764,-0.167752,-0.018791,0.233051,-0.024264,1.171047,-0.526823,0.015069,0.056663,-0.488847,0.062323,-0.869883,0.277282,-0.011614,-0.003074,-0.014919,-0.148974,0.013921,0.013279,0.296670,-0.031757,-0.063059,-0.049928,-0.023839,0.054987,-0.067440,-0.042149,-0.164678,51.742271,101.248215,-6.030487,55.167641,12.179492,-2.924652,2.800714,82.531731,-59.747147,65.158386,24.386543,-36.930645,1.859127,0.018314,1.249979,0.005083,-0.207578,-0.406332,-0.202266,0.256425,-0.263124,0.035634,-0.148444,0.184551,,-0.047744,,,,
343,1,0,,0.842746,0.846819,0.004073,0.023939,-0.111023,1.375313,0.016433,-0.096041,1.565707,0.736632,0.408345,-0.022864,0.135510,-0.005073,1.292325,-0.122155,-0.040179,-0.020336,-0.502808,0.031622,-0.817592,0.240782,-0.048172,-0.148376,-0.015325,0.279502,-0.041116,1.275705,-0.473603,0.011578,0.046004,-0.472943,0.064735,-0.876686,0.293011,-0.013853,-0.002796,-0.007539,-0.143992,0.036042,0.016621,0.351448,-0.051757,-0.066340,-0.029865,-0.033113,0.059095,-0.052229,-0.034319,-0.145579,57.099167,107.896416,-6.033706,46.546783,12.361128,-3.395254,3.764362,89.098602,-56.109264,66.242935,28.828146,-35.804356,1.698640,0.031622,1.249977,-0.001137,-0.171344,-0.386739,-0.173627,0.328470,-0.194009,0.023521,-0.103671,0.203980,,-0.063913,,,,
344,1,0,,0.844076,0.850824,0.006748,0.013373,-0.117094,1.385610,0.010063,-0.103897,1.569447,0.697994,0.503259,-0.014743,0.201358,0.007193,1.400326,-0.033514,-0.052552,-0.028687,-0.463083,0.035815,-0.812687,0.267891,-0.047786,-0.134438,-0.013411,0.330194,-0.050859,1.370377,-0.425463,0.005898,0.038774,-0.452323,0.075169,-0.874771,0.307971,-0.015416,-0.002513,-0.001333,-0.128836,0.058052,0.029949,0.391949,-0.058450,-0.067461,-0.010760,-0.039354,0.062084,-0.040080,-0.032371,-0.131925,59.921146,116.666336,6.983895,-0.021317,2.909478,-3.727499,48.055737,65.688019,-59.351078,79.158012,35.944069,-38.582073,1.436338,0.026170,1.228236,-0.012424,-0.165760,-0.316858,-0.189271,0.389467,-0.180647,0.056430,-0.119992,0.238225,,-0.046194,,,,
345,1,0,,0.846303,0.854316,0.008013,0.002830,-0.120076,1.403374,0.003286,-0.111971,1.578282,0.627719,0.573379,-0.007987,0.274419,0.022962,1.508325,0.045433,-0.059358,-0.034239,-0.421477,0.045543,-0.803979,0.293081,-0.050006,-0.123224,-0.013356,0.379693,-0.052361,1.436313,-0.393441,0.001351,0.035413,-0.427357,0.093695,-0.861200,0.315227,-0.016723,-0.002212,0.005369,-0.105274,0.075323,0.072012,0.438874,-0.060709,-0.069653,0.005881,-0.048152,0.057221,-0.022147,-0.033283,-0.121012,72.061783,105.087288,16.644241,-39.457500,-0.799116,-1.097320,52.592506,85.517593,-60.552555,70.701157,27.610695,-40.026333,1.330180,0.032758,1.154374,-0.007119,-0.109365,-0.320801,-0.218265,0.423347,-0.181133,0.062930,-0.120406,0.214370,,-0.026069,,,,
346,1,0,,0.849448,0.855717,0.006269,-0.005905,-0.122301,1.422458,0.000270,-0.118279,1.592572,0.614089,0.534748,-0.002974,0.343562,0.027494,1.577921,0.005599,-0.057312,-0.033789,-0.383947,0.059901,-0.799939,0.320924,-0.052731,-0.118102,-0.012533,0.421400,-0.055177,1.467726,-0.373962,0.002753,0.033234,-0.398075,0.112575,-0.839924,0.319628,-0.017399,-0.001949,0.009558,-0.077837,0.082671,0.110194,0.379561,-0.060065,-0.067024,0.014128,-0.052674,0.039986,0.001296,-0.035331,-0.116153,80.094666,86.625160,11.190785,-37.141155,-0.267772,4.282479,48.605896,69.793289,-58.469566,76.685829,28.172934,-36.898483,1.120852,0.039694,1.114087,0.016593,-0.094423,-0.271896,-0.179256,0.412752,-0.177581,0.061707,-0.096868,0.216423,,-0.041626,,,,
347,1,0,,0.853075,0.857176,0.004101,-0.011416,-0.123622,1.436326,-0.001988,-0.123948,1.602861,0.605900,0.335789,0.003373,0.405333,0.025230,1.623803,-0.031600,-0.049739,-0.034258,-0.346374,0.070241,-0.794441,0.347642,-0.054845,-0.110719,-0.008581,0.453771,-0.065409,1.468603,-0.368639,0.008650,0.030740,-0.368759,0.125651,-0.816480,0.323992,-0.018231,-0.001759,0.011954,-0.048438,0.090639,0.155200,0.337039,-0.058390,-0.064997,0.022385,-0.055410,0.022039,0.023651,-0.036614,-0.108960,89.225952,57.218697,22.029089,-50.114910,-3.861245,5.879439,61.088478,46.011963,-57.995262,69.952873,27.194756,-38.429928,1.037745,0.063068,1.010715,0.031912,-0.086789,-0.247462,-0.179621,0.391907,-0.203677,0.066473,-0.121449,0.216048,,-0.041644,,,,
348,1,0,,0.856844,0.858755,0.001911,-0.013326,-0.122716,1.442465,-0.002585,-0.128409,1.605088,0.617688,0.355366,0.012393,0.452346,0.009362,1.622225,-0.063461,-0.031107,-0.036568,-0.308708,0.072534,-0.786021,0.372111,-0.055736,-0.098803,0.000022,0.476703,-0.082487,1.440628,-0.373120,0.016368,0.027775,-0.343112,0.130632,-0.794439,0.330933,-0.019320,-0.001655,0.012371,-0.024357,0.091849,0.181597,0.309659,-0.047475,-0.064343,0.034404,-0.058098,0.008418,0.041178,-0.036416,-0.097148,112.350586,46.164833,30.775368,-47.758965,-7.517119,7.047675,71.814476,26.224541,-58.901005,78.514000,33.333797,-37.175850,0.968943,0.093200,0.924659,0.043747,-0.091095,-0.211408,-0.174141,0.382835,-0.228417,0.068881,-0.081259,0.241119,,-0.054524,,,,
349,1,0,,0.860549,0.858771,-0.001778,-0.012317,-0.119532,1.443248,-0.004794,-0.132491,1.605126,0.624107,0.426706,0.023734,0.490208,-0.013775,1.592373,-0.091282,-0.006181,-0.040304,-0.274599,0.074170,-0.783991,0.397454,-0.055664,-0.087943,0.011995,0.490872,-0.099685,1.388545,-0.385287,0.022851,0.025419,-0.320568,0.130836,-0.772713,0.335701,-0.021954,-0.001623,0.011739,-0.000664,0.085910,0.203828,0.294005,-0.029032,-0.065724,0.045969,-0.056666,-0.011278,0.061753,-0.033711,-0.086320,104.472443,30.190195,36.951443,-57.894550,-7.934694,5.680804,83.503334,24.137693,-49.933910,72.748604,24.404413,-37.211464,0.965845,0.110313,0.770293,0.044855,-0.076187,-0.196496,-0.156069,0.362976,-0.253540,0.073088,-0.007847,0.224360,,-0.060385,,,,
350,1,0,,0.864128,0.858006,-0.006123,-0.010634,-0.116555,1.441323,-0.007805,-0.136387,1.604077,0.629225,0.348711,0.036239,0.523490,-0.040552,1.548365,-0.117082,0.021895,-0.044755,-0.242268,0.075478,-0.785160,0.423238,-0.055110,-0.077611,0.028387,0.493828,-0.117484,1.313863,-0.385753,0.028494,0.022236,-0.297799,0.127752,-0.751593,0.340317,-0.025823,-0.001700,0.007852,0.029663,0.076932,0.234502,0.268672,-0.006599,-0.066991,0.055531,-0.052274,-0.033567,0.082921,-0.029287,-0.075911,84.415321,10.106576,12.463847,-46.246674,5.797544,4.269429,29.231613,32.804142,-34.997704,71.583130,29.991600,-35.416531,0.962530,0.125563,0.690448,0.046563,-0.041010,-0.202879,-0.143685,0.324457,-0.197347,0.031489,0.055959,0.244164,,-0.115304,,,,
351,1,0,,0.867295,0.856375,-0.010920,-0.009680,-0.113421,1.437156,-0.011187,-0.136806,1.597328,0.625682,0.291157,0.046761,0.541656,-0.069895,1.467517,-0.157605,0.033032,-0.050715,-0.214463,0.073655,-0.790155,0.449813,-0.053395,-0.062399,0.048037,0.489815,-0.138462,1.225964,-0.373644,0.034039,0.017708,-0.276344,0.122370,-0.733570,0.348051,-0.030727,-0.001812,-0.001276,0.051841,0.068567,0.241554,0.216039,-0.001007,-0.068423,0.061881,-0.048714,-0.056585,0.101762,-0.022668,-0.060587,57.388741,1.945073,9.785149,-50.114147,4.067389,4.046222,20.217699,35.516933,-35.942516,50.355473,24.357029,-31.957024,1.007795,0.131551,0.545528,0.052158,-0.022934,-0.246451,-0.129247,0.301342,-0.173975,0.020733,0.046349,0.243204,,-0.141804,,,,
352,1,0,,0.869758,0.854104,-0.015654,-0.009485,-0.107812,1.433217,-0.014900,-0.135897,1.591582,0.636250,0.320199,0.054892,0.557806,-0.097819,1.377618,-0.196096,0.042217,-0.056620,-0.190237,0.073341,-0.800571,0.480304,-0.051733,-0.047581,0.063557,0.485588,-0.151419,1.131403,-0.357882,0.034570,0.013112,-0.259361,0.116878,-0.719957,0.358106,-0.037246,-0.001934,-0.008665,0.072218,0.053599,0.246215,0.161786,0.007647,-0.069731,0.069123,-0.043538,-0.080614,0.122198,-0.014487,-0.045646,11.338600,20.508984,-5.320436,-42.005257,3.406017,-2.155436,-26.677715,31.676716,-24.178814,45.900589,25.718262,-29.413258,1.098269,0.103960,0.478131,0.028002,-0.016180,-0.252757,-0.127577,0.321622,-0.155323,-0.013894,0.072782,0.257333,,-0.168329,,,,
353,1,0,,0.871539,0.850553,-0.020986,-0.011354,-0.100389,1.435428,-0.019289,-0.132303,1.587834,0.609338,0.239479,0.058237,0.569924,-0.122898,1.269620,-0.230508,0.047499,-0.062412,-0.173179,0.076049,-0.821840,0.518631,-0.050178,-0.033555,0.072298,0.483908,-0.152897,1.035931,-0.340071,0.034289,0.009395,-0.243542,0.118332,-0.707779,0.369639,-0.045103,-0.002074,-0.014060,0.086017,0.030000,0.233690,0.109563,0.013210,-0.071807,0.070363,-0.042283,-0.114061,0.148992,-0.005075,-0.031481,9.843387,6.038971,-9.650422,-37.261013,4.726618,0.147196,-12.456196,33.790848,-12.823043,51.143337,24.623081,-29.962738,1.187912,0.095976,0.386522,0.034989,0.001768,-0.229886,-0.140498,0.305684,-0.132003,-0.006505,0.098887,0.272141,,-0.169185,,,,
354,1,0,,0.872554,0.846754,-0.025800,-0.016145,-0.091928,1.445945,-0.023402,-0.125953,1.595529,0.547461,0.278438,0.061513,0.581459,-0.166357,1.161619,-0.257030,0.052670,-0.065358,-0.154323,0.092095,-0.836238,0.549307,-0.048996,-0.028699,0.079919,0.482549,-0.160233,0.942006,-0.309583,0.039811,0.006208,-0.226461,0.130020,-0.695710,0.383748,-0.051495,-0.002290,-0.018406,0.098909,-0.006124,0.219613,0.052553,0.012860,-0.071566,0.072139,-0.037925,-0.140528,0.165560,0.002499,-0.026408,-3.665126,-30.602345,-28.192007,-4.110258,14.622184,3.775463,-54.281250,-13.631002,14.999993,79.099297,30.163380,-23.524965,1.249966,0.096296,0.370251,0.059389,-0.029616,-0.135954,-0.114043,0.266616,-0.056211,-0.040938,0.165047,0.302961,,-0.213723,,,,
355,1,0,,0.872548,0.842831,-0.029717,-0.022292,-0.082096,1.465227,-0.027284,-0.118173,1.608921,0.451999,0.167086,0.064753,0.592701,-0.219018,1.053618,-0.279603,0.057785,-0.066880,-0.134565,0.114817,-0.847195,0.576153,-0.048001,-0.028434,0.085954,0.480982,-0.185374,0.858044,-0.276532,0.052471,0.005988,-0.207543,0.155823,-0.682023,0.396864,-0.053419,-0.002501,-0.021200,0.111719,-0.033644,0.195574,-0.003071,0.005314,-0.072868,0.072978,-0.041006,-0.165173,0.179289,0.005418,-0.025933,-20.423340,-67.611969,-21.338739,16.530781,7.331997,7.717168,-8.735082,-39.412724,23.150446,82.829803,27.069391,-15.357410,1.412379,0.084436,0.350635,0.090935,-0.036868,-0.072783,-0.088423,0.214389,-0.042762,0.003247,0.215940,0.302476,,-0.241532,,,,
356,1,0,,0.871017,0.840805,-0.030211,-0.027126,-0.073306,1.490401,-0.026626,-0.108981,1.637061,0.342470,0.268077,0.060799,0.591663,-0.312867,0.945617,-0.248284,0.088501,-0.063642,-0.108673,0.154624,-0.842443,0.587515,-0.048843,-0.044158,0.087782,0.478054,-0.228313,0.795332,-0.260150,0.073519,0.011432,-0.185204,0.196991,-0.668462,0.407363,-0.046240,-0.002678,-0.026984,0.113609,-0.084554,0.150285,0.011866,0.014983,-0.075074,0.076531,-0.042367,-0.173981,0.180152,-0.002604,-0.041481,-10.625042,-78.541672,-10.524730,48.215435,3.601122,15.129014,5.489784,-38.994820,24.501648,64.994965,7.544026,-8.994612,1.557347,0.084366,0.402609,0.142219,-0.004680,-0.159523,-0.049799,0.191602,-0.063967,0.030754,0.271172,0.276513,,-0.281906,,,,
357,1,0,,0.867375,0.838967,-0.028407,-0.030842,-0.066636,1.518051,-0.025346,-0.099613,1.672272,0.340196,0.613940,0.048010,0.580838,-0.411435,0.837618,-0.212232,0.144961,-0.059924,-0.084547,0.199320,-0.839818,0.595119,-0.048042,-0.067255,0.087812,0.475429,-0.285749,0.761967,-0.254197,0.104440,0.019664,-0.164881,0.251362,-0.667766,0.430905,-0.030217,-0.002747,-0.039803,0.105410,-0.125686,0.075651,0.041965,0.040521,-0.079588,0.080333,-0.052041,-0.172052,0.164214,-0.017824,-0.064508,-17.351582,-85.388466,-1.131732,61.728848,6.000581,22.801649,-0.881915,-48.771030,34.416069,10.890937,-10.214934,0.430214,1.570964,0.076452,0.466144,0.204922,-0.002110,-0.300450,-0.006976,0.179278,-0.062903,0.041942,0.365520,0.272122,,-0.334707,,,,
358,1,0,,0.860976,0.837502,-0.023474,-0.036362,-0.063974,1.544841,-0.022939,-0.089933,1.721659,0.390411,0.824397,0.017533,0.550420,-0.519436,0.729617,-0.166732,0.252962,-0.055244,-0.063960,0.253803,-0.841458,0.595206,-0.043946,-0.105106,0.087667,0.470602,-0.339821,0.752682,-0.255430,0.136454,0.028224,-0.151733,0.316070,-0.689280,0.463356,-0.011057,-0.002751,-0.070134,0.079818,-0.179615,-0.023065,0.088697,0.116508,-0.083469,0.087773,-0.062267,-0.152178,0.131850,-0.032889,-0.102355,-20.443911,-79.143654,8.371121,41.723995,-2.205245,16.420645,-11.416031,-25.167974,17.992887,-40.114708,-25.215666,3.978131,1.589785,0.074314,0.461717,0.218761,0.022331,-0.469299,0.025201,0.185970,-0.095523,0.041041,0.398228,0.281531,,-0.369376,,,,
359,1,0,,0.852019,0.835225,-0.016795,-0.045583,-0.066591,1.566258,-0.022770,-0.087099,1.756883,0.438851,0.983909,-0.002874,0.505234,-0.623343,0.655704,-0.169494,0.341372,-0.051241,-0.051063,0.293301,-0.865955,0.574407,-0.033971,-0.126506,0.082210,0.459826,-0.350648,0.749349,-0.260090,0.160872,0.034970,-0.148997,0.357835,-0.742160,0.507817,0.005586,-0.002786,-0.085083,0.045408,-0.272696,-0.093645,0.090595,0.180500,-0.086211,0.097934,-0.064533,-0.123794,0.066590,-0.039557,-0.123719,-18.650120,-74.767532,36.836559,4.875526,-2.358033,13.694793,12.704951,-42.574986,-1.996887,-84.347343,-26.828093,18.992056,1.596919,0.053714,0.397727,0.227151,-0.013823,-0.746936,0.071410,0.174141,-0.103340,0.059011,0.383620,0.341351,,-0.294975,,,,
360,1,0,,0.847572,0.832540,-0.015032,-0.042427,-0.081259,1.578040,-0.023894,-0.087626,1.785026,0.297547,0.916291,-0.018240,0.452652,-0.725205,0.598853,-0.196418,0.419978,-0.047576,-0.042016,0.325300,-0.901895,0.543152,-0.021052,-0.139670,0.080025,0.450122,-0.335499,0.788375,-0.270720,0.134519,0.045477,-0.153977,0.344259,-0.821964,0.532618,0.025658,-0.003017,-0.098264,0.002530,-0.389706,-0.189522,0.074302,0.285459,-0.093053,0.111962,-0.018959,-0.079931,0.010534,-0.046710,-0.136653,-47.278561,-97.191132,50.514168,-54.401184,34.872982,34.150181,37.345127,-49.479012,0.189935,-85.824478,3.277817,15.339876,1.671947,0.039769,0.414743,0.202926,-0.039521,-0.983174,0.096615,0.124036,-0.067813,0.096073,0.328205,0.400652,,-0.208936,,,,
361,1,0,,0.845714,0.828013,-0.017700,-0.034066,-0.101154,1.582228,-0.020309,-0.100100,1.804607,0.371088,1.322121,-0.015674,0.439407,-0.701876,0.644030,-0.249614,0.420000,-0.027575,-0.065836,0.321035,-1.009874,0.490664,0.055201,-0.135730,0.073312,0.428489,-0.329416,0.816795,-0.299694,0.127452,0.053174,-0.169972,0.303339,-0.920055,0.545018,0.049323,-0.003336,-0.088986,0.010918,-0.372460,-0.172764,0.050080,0.292548,-0.080749,0.104136,0.017696,-0.089818,-0.054354,0.005878,-0.132394,29.720818,-97.004799,56.523464,-56.564873,33.544094,38.452000,49.653843,-91.107307,-3.541689,-60.105633,7.910251,13.377606,1.898498,0.079380,0.410261,0.291901,-0.126413,-1.168518,0.117085,0.066050,-0.082478,0.101155,0.260043,0.408695,,-0.091769,,,,
362,1,0,,0.844842,0.824171,-0.020671,-0.023294,-0.119241,1.585459,-0.016616,-0.115063,1.827988,0.436214,0.909208,-0.012540,0.428254,-0.674033,0.697780,-0.299397,0.420000,-0.010269,-0.091653,0.304772,-1.117875,0.420390,0.142041,-0.132608,0.063024,0.405931,-0.323967,0.835776,-0.322247,0.125362,0.059322,-0.197152,0.260683,-1.022464,0.549622,0.061978,-0.003759,-0.075564,0.022323,-0.350066,-0.137996,0.022849,0.294638,-0.069591,0.105499,0.044089,-0.095410,-0.129233,0.080063,-0.128849,-33.414543,-76.052948,63.084549,-32.880901,35.850414,35.980919,49.033405,-88.775208,1.905578,-57.809750,4.232005,2.428547,2.103830,0.014782,0.470489,0.252189,-0.160967,-1.225568,0.081205,0.093574,-0.099834,0.105506,0.230329,0.393173,,0.005372,,,,
363,1,0,,0.844338,0.821698,-0.022640,-0.010014,-0.136007,1.600087,-0.012712,-0.134969,1.859010,0.480519,0.683227,-0.008276,0.421268,-0.637225,0.768634,-0.342329,0.420000,0.001632,-0.121447,0.264505,-1.225873,0.314516,0.250040,-0.131135,0.044250,0.388390,-0.306989,0.854354,-0.341304,0.126910,0.066712,-0.228928,0.227570,-1.123374,0.545710,0.069348,-0.004147,-0.052525,0.032879,-0.330236,-0.085720,-0.001025,0.293090,-0.065080,0.107481,0.036935,-0.102499,-0.231194,0.180692,-0.126988,-17.837013,-86.227814,58.976864,-20.915968,36.145691,36.752640,40.393791,-87.494064,0.899529,-60.755646,-2.619307,4.399356,2.317852,-0.011142,0.510894,0.271491,-0.200164,-1.241453,0.091355,0.076289,-0.099620,0.110328,0.202418,0.361551,,0.080385,,,,
364,1,0,,0.844133,0.820039,-0.024095,0.002018,-0.154088,1.623087,-0.005695,-0.150511,1.892839,0.495006,0.436123,-0.016549,0.409240,-0.597942,0.813698,-0.372898,0.416057,0.013080,-0.164519,0.216743,-1.333874,0.269578,0.331889,-0.126838,0.022939,0.371738,-0.281585,0.871901,-0.357243,0.128904,0.071676,-0.262286,0.200632,-1.222426,0.539678,0.077810,-0.004475,-0.039488,0.037502,-0.316358,-0.058203,-0.015656,0.287153,-0.058596,0.097767,0.016111,-0.111448,-0.270100,0.254079,-0.122363,9.993380,-69.655647,62.759739,-41.473225,46.040222,35.511234,46.520203,-67.417114,-1.192397,-65.238449,-0.823734,5.121703,2.557493,-0.018078,0.482867,0.268998,-0.219166,-1.229585,0.102869,0.076427,-0.077525,0.113369,0.176382,0.358912,,0.152196,,,,
365,1,0,,0.844510,0.818787,-0.025723,0.012708,-0.170382,1.651407,0.002703,-0.164076,1.928034,0.501507,0.250861,-0.031100,0.394687,-0.557422,0.845847,-0.397278,0.410141,0.024300,-0.214237,0.165231,-1.441872,0.255152,0.400644,-0.121126,0.000436,0.356466,-0.250879,0.884947,-0.368975,0.127757,0.077392,-0.296525,0.180795,-1.307246,0.523863,0.085152,-0.004730,-0.031536,0.038221,-0.306543,-0.039100,-0.028302,0.282383,-0.053092,0.082288,-0.015564,-0.134627,-0.268712,0.315491,-0.116396,37.982613,-55.561314,59.326069,-53.380856,37.000095,33.028091,94.123978,-87.700928,-13.927119,5.203770,-5.646670,2.416244,2.708641,-0.027482,0.459570,0.233308,-0.278179,-1.130822,0.101181,0.083907,-0.123850,0.154338,0.140966,0.311783,,0.109712,,,,
366,1,0,,0.845859,0.817292,-0.028567,0.021627,-0.180061,1.680388,0.009247,-0.174061,1.955037,0.545970,0.031072,-0.034475,0.388265,-0.526591,0.885700,-0.423605,0.394977,0.045476,-0.288139,0.128047,-1.539077,0.296550,0.344956,-0.101953,-0.020933,0.344701,-0.219555,0.889880,-0.375446,0.124304,0.084316,-0.331006,0.163158,-1.358925,0.514698,0.089621,-0.004908,-0.013542,0.043564,-0.307035,-0.004179,-0.048159,0.270673,-0.038840,0.042867,-0.035111,-0.180152,-0.218148,0.255335,-0.097045,59.000298,-44.873238,64.507942,-65.679375,41.986492,32.938293,79.609604,-75.395790,-18.398811,28.810730,4.658283,0.494191,2.811153,-0.028902,0.377645,0.215091,-0.291408,-1.062819,0.096774,0.094620,-0.104527,0.151635,0.118027,0.346397,,0.169001,,,,
367,1,0,,0.848435,0.816353,-0.032082,0.025106,-0.185350,1.716517,0.013247,-0.182594,1.984076,0.573418,0.374156,-0.035354,0.383056,-0.494309,0.924779,-0.448703,0.376597,0.071922,-0.356181,0.101075,-1.607282,0.334471,0.278223,-0.082928,-0.040018,0.334380,-0.180750,0.886668,-0.376260,0.115379,0.091775,-0.357682,0.152377,-1.371941,0.507581,0.086033,-0.005037,0.004665,0.048676,-0.313559,0.038111,-0.072443,0.261218,-0.019853,0.001501,-0.051302,-0.235341,-0.173109,0.192190,-0.077891,42.193279,-41.613525,61.890697,-63.231228,39.293667,24.351200,81.207069,-50.910374,-15.832542,51.749989,-3.260593,-6.032216,2.903393,-0.055572,0.367069,0.159216,-0.273025,-0.932516,0.063300,0.091997,-0.094241,0.164922,0.119752,0.316175,,0.157070,,,,
368,1,0,,0.852046,0.816527,-0.035519,0.024190,-0.187647,1.761604,0.012471,-0.187919,2.017254,0.619240,0.207832,-0.031240,0.380270,-0.459111,0.962304,-0.471339,0.351778,0.108921,-0.412479,0.094543,-1.617421,0.365400,0.189440,-0.064206,-0.058220,0.324295,-0.132587,0.876485,-0.372053,0.099462,0.101284,-0.373746,0.145557,-1.348237,0.499044,0.077310,-0.005101,0.026980,0.055975,-0.326523,0.085819,-0.099286,0.252316,0.007636,-0.038733,-0.051014,-0.269185,-0.133644,0.112130,-0.059105,48.291702,-40.194195,58.857773,-61.244961,40.855034,21.580935,85.778137,-49.461319,-22.125256,65.734787,-0.145898,-6.736588,2.939107,-0.068380,0.361061,0.127447,-0.271593,-0.800688,0.047305,0.081203,-0.076084,0.179480,0.102449,0.316567,,0.212886,,,,
369,1,0,,0.856953,0.818395,-0.038558,0.022203,-0.188864,1.816868,0.009512,-0.188942,2.069689,0.656611,0.338923,-0.034197,0.377738,-0.408002,0.987322,-0.483876,0.322836,0.150985,-0.436729,0.105902,-1.552581,0.382299,0.106898,-0.060511,-0.080109,0.314045,-0.073805,0.862974,-0.364556,0.092341,0.115351,-0.376493,0.139829,-1.291545,0.485124,0.065039,-0.005115,0.045912,0.063692,-0.334197,0.124347,-0.119320,0.230495,0.035634,-0.060237,-0.033927,-0.261037,-0.102824,0.041859,-0.055395,-8.581017,-40.955921,62.267673,-56.805084,40.557945,-7.766778,71.127914,-17.179090,-12.329435,76.625298,-6.037793,-9.004024,2.964530,-0.137998,0.345583,0.065577,-0.214513,-0.614025,0.025520,0.068835,-0.066252,0.200066,0.117764,0.277924,,0.249063,,,,
370,1,0,,0.862759,0.821112,-0.041647,0.020087,-0.183447,1.888208,0.005585,-0.187619,2.131738,0.711702,0.553648,-0.040694,0.375331,-0.348926,1.006079,-0.491358,0.291829,0.195588,-0.444935,0.126218,-1.450197,0.392176,0.027477,-0.064338,-0.108257,0.310824,0.004502,0.848134,-0.352769,0.084553,0.131685,-0.371622,0.129744,-1.208287,0.468515,0.059861,-0.005062,0.067563,0.064507,-0.353428,0.157945,-0.138589,0.207276,0.063903,-0.073313,-0.003526,-0.241910,-0.076339,-0.032384,-0.059276,-18.858120,8.980445,59.037983,-71.351646,24.064194,-17.227270,45.405743,-7.228938,-16.552172,72.021019,-2.753760,-0.374790,2.913499,-0.185811,0.174509,0.032768,-0.190859,-0.474875,0.055572,0.139099,-0.111551,0.199432,0.094986,0.268183,,0.305116,,,,
371,1,0,,0.869053,0.821873,-0.047180,0.017291,-0.173069,1.974089,0.003212,-0.181199,2.206286,0.703838,0.868865,-0.050691,0.387126,-0.281187,1.036616,-0.498653,0.259993,0.204582,-0.454426,0.089737,-1.342201,0.402509,0.032717,-0.072781,-0.140051,0.311318,0.097500,0.832656,-0.338709,0.074970,0.145413,-0.359284,0.104324,-1.109794,0.442842,0.069247,-0.004977,0.089360,0.075809,-0.378687,0.203960,-0.159944,0.185023,0.059169,-0.095142,-0.014587,-0.232406,-0.040333,-0.036530,-0.067804,-15.847958,-5.761103,49.185932,-70.287819,-7.822934,-21.861025,36.085552,11.513906,-9.031356,58.411938,-10.885413,10.264443,2.890044,-0.224191,0.230321,0.008665,-0.141343,-0.260993,0.112864,0.124985,-0.159204,0.199495,0.069406,0.205878,,0.318705,,,,
372,1,0,,0.875348,0.822457,-0.052891,0.011920,-0.161660,2.073375,-0.000188,-0.173022,2.283956,0.673629,0.928208,-0.061819,0.401840,-0.210201,1.068504,-0.506305,0.229075,0.206121,-0.461933,0.037536,-1.234200,0.405087,0.043817,-0.079849,-0.171849,0.311968,0.203286,0.821666,-0.332421,0.062594,0.154233,-0.335480,0.062553,-1.005045,0.404825,0.095013,-0.004769,0.110030,0.089872,-0.413486,0.246839,-0.173884,0.166481,0.051888,-0.126453,-0.025017,-0.229154,0.000261,-0.051196,-0.075080,-27.860250,39.133850,12.209586,-73.384949,-30.821020,-26.485504,8.446224,41.991570,-1.302628,50.705372,-13.429410,25.013882,2.777893,-0.261666,0.214971,-0.023905,-0.065628,-0.168279,0.199234,0.176014,-0.225739,0.177228,0.025772,0.145191,,0.309886,,,,
373,1,0,,0.880954,0.822685,-0.058269,0.004910,-0.148669,2.177013,-0.005800,-0.161276,2.367882,0.620721,0.614875,-0.075210,0.422388,-0.132717,1.103091,-0.514673,0.199998,0.192746,-0.465466,-0.046113,-1.126199,0.392128,0.066601,-0.084162,-0.197381,0.314235,0.306300,0.816711,-0.342437,0.047390,0.158211,-0.301688,0.010667,-0.898056,0.367062,0.126442,-0.004400,0.122171,0.108153,-0.439018,0.286380,-0.172235,0.152607,0.034535,-0.163779,-0.056781,-0.228143,0.025066,-0.059841,-0.079762,-33.914169,73.028244,-20.115032,-72.586136,-37.455254,-26.267166,-17.638649,76.271591,19.929548,46.254082,-8.851803,20.244431,2.513945,-0.276376,0.165460,-0.045521,0.022936,-0.086100,0.218538,0.218317,-0.277722,0.153500,0.002201,0.122988,,0.351917,,,,
374,1,0,,0.885280,0.821162,-0.064118,-0.003361,-0.134807,2.285773,-0.014308,-0.147494,2.470109,0.557822,0.516219,-0.098886,0.450906,-0.034984,1.147332,-0.526821,0.170488,0.187019,-0.447588,-0.136988,-1.018198,0.359179,0.137931,-0.098418,-0.212095,0.320475,0.391311,0.815382,-0.364222,0.030798,0.159520,-0.255993,-0.035487,-0.789196,0.338607,0.152647,-0.003975,0.113209,0.130431,-0.426296,0.331950,-0.162600,0.139690,0.027499,-0.191595,-0.101500,-0.229001,0.020572,-0.014716,-0.094443,-51.978065,84.660507,-32.807110,-73.119827,-33.486732,-27.045496,-34.046841,99.221062,23.902843,42.994423,-6.235902,17.054880,2.471912,-0.278965,0.111978,-0.067629,0.119325,-0.033979,0.229907,0.242873,-0.305161,0.138210,-0.032062,0.114790,,0.394473,,,,
375,1,0,,0.887888,0.818762,-0.069126,-0.009120,-0.123366,2.395107,-0.023171,-0.131967,2.581246,0.487952,0.616903,-0.127710,0.483413,0.072884,1.196405,-0.540863,0.140763,0.185120,-0.418990,-0.231477,-0.910199,0.316223,0.233564,-0.117651,-0.215353,0.328749,0.441778,0.811999,-0.383826,0.016260,0.159324,-0.200510,-0.074982,-0.683434,0.320809,0.169583,-0.003530,0.087643,0.154664,-0.368893,0.384406,-0.157037,0.124502,0.025795,-0.218480,-0.156495,-0.226765,-0.004585,0.063981,-0.114121,-48.714123,46.576931,-41.551434,-71.705940,-24.239763,-22.026474,-56.194565,74.273453,22.962282,35.551723,-3.937186,10.271300,2.127560,-0.250359,0.188981,-0.058176,0.162691,-0.012879,0.214174,0.210358,-0.293835,0.121637,-0.066106,0.118468,,0.403228,,,,
376,1,0,,0.888562,0.813848,-0.074714,-0.010313,-0.115336,2.498519,-0.040489,-0.122417,2.691028,0.428798,0.746525,-0.153150,0.513895,0.180885,1.253785,-0.560174,0.108381,0.187209,-0.341567,-0.316575,-0.813578,0.318058,0.341561,-0.133969,-0.210047,0.340014,0.458195,0.807549,-0.396217,0.003630,0.155547,-0.146536,-0.113154,-0.597646,0.317861,0.180740,-0.003119,0.056897,0.173880,-0.277310,0.446236,-0.163956,0.104751,0.031662,-0.195030,-0.203421,-0.215932,0.000197,0.160821,-0.130850,-39.808208,62.773010,-31.273558,-61.693123,-23.256002,-21.230421,-89.466736,70.556976,20.171907,-0.681632,3.228218,9.079527,1.898705,-0.222014,0.284864,-0.066574,0.204749,-0.063697,0.217105,0.252336,-0.296609,0.080491,-0.109452,0.155230,,0.416260,,,,
377,1,0,,0.886139,0.808518,-0.077621,-0.011494,-0.107783,2.585801,-0.054002,-0.115404,2.786283,0.405996,0.565942,-0.174138,0.539341,0.273973,1.306429,-0.577017,0.076997,0.190031,-0.273359,-0.358424,-0.739826,0.336517,0.414873,-0.139716,-0.192139,0.362104,0.434735,0.813107,-0.406819,-0.005377,0.139226,-0.118732,-0.162612,-0.565753,0.337403,0.188250,-0.002802,0.018001,0.177237,-0.160762,0.493322,-0.170197,0.082374,0.050804,-0.154627,-0.195811,-0.174073,-0.000886,0.226623,-0.136914,16.395081,-5.794304,-21.693375,30.475821,-3.863926,-7.198443,-121.756050,-35.355888,9.178678,-65.627274,11.208408,4.977662,1.612909,-0.133329,0.532975,-0.032194,0.058138,-0.292547,0.209507,0.219368,-0.261745,-0.009194,-0.194508,0.230290,,0.373212,,,,
378,1,0,,0.879297,0.802357,-0.076940,-0.018310,-0.105233,2.659232,-0.061860,-0.116191,2.852986,0.470537,0.894588,-0.186213,0.554707,0.337199,1.349584,-0.588914,0.047612,0.194318,-0.223633,-0.313665,-0.711861,0.388245,0.418717,-0.124294,-0.163263,0.393050,0.384807,0.850630,-0.428504,-0.014863,0.110415,-0.118788,-0.190386,-0.594014,0.354076,0.175539,-0.002818,-0.022951,0.161657,-0.047609,0.498953,-0.160410,0.062475,0.083903,-0.104844,-0.123279,-0.117848,0.034168,0.243178,-0.121476,0.943467,-8.927734,-19.023962,100.862549,-10.414502,-8.400738,-82.885406,-36.964664,19.257572,-65.846626,-1.144752,-19.004425,1.615970,-0.092867,0.908196,-0.047229,0.013626,-0.442612,0.102710,0.262390,-0.322387,-0.017948,-0.175953,0.200911,,0.310487,,,,
379,1,0,,0.867121,0.798290,-0.068830,-0.026101,-0.107164,2.725121,-0.077178,-0.118509,2.894835,0.741748,1.118679,-0.169824,0.566978,0.361746,1.379533,-0.598645,0.012643,0.180781,-0.198557,-0.265641,-0.711939,0.437179,0.419333,-0.090991,-0.133398,0.434252,0.321874,0.929675,-0.471802,-0.026365,0.081496,-0.136678,-0.183023,-0.658147,0.361093,0.142429,-0.002868,-0.036426,0.132726,0.039872,0.449857,-0.126843,0.039009,0.099285,-0.061879,-0.082618,-0.053792,0.076086,0.276904,-0.088123,6.567436,6.341955,-7.644822,87.876129,-15.207565,-8.896542,-27.797510,-68.495728,6.975220,-57.205364,3.226878,-29.151928,1.643878,-0.059223,1.162180,-0.064282,-0.074115,-0.569316,0.005073,0.339925,-0.405684,-0.001049,-0.163343,0.209376,,0.257106,,,,
380,1,0,,0.851907,0.795272,-0.056636,-0.031812,-0.107093,2.774305,-0.096297,-0.121304,2.924296,0.912709,0.953016,-0.139181,0.577700,0.366929,1.402870,-0.607291,-0.025123,0.158318,-0.185823,-0.215981,-0.726056,0.484717,0.418332,-0.048733,-0.105079,0.481130,0.264932,1.026093,-0.517338,-0.044277,0.065610,-0.166577,-0.134726,-0.737908,0.449130,0.127579,-0.002809,-0.034102,0.096570,0.101997,0.376777,-0.089953,0.019154,0.092708,-0.019245,-0.081254,0.011853,0.035587,0.290753,-0.045924,22.557522,40.537724,0.550873,63.384354,-9.523031,-15.067852,-7.220948,-44.080807,-18.727121,-13.523512,-49.991245,-36.537235,1.653341,-0.024422,1.290462,-0.107174,-0.090909,-0.595659,-0.014081,0.432474,-0.433041,0.028926,-0.123629,0.232586,,0.220979,,,,
381,1,0,,0.837977,0.796982,-0.040994,-0.036108,-0.107793,2.819567,-0.110273,-0.119388,2.954024,0.697786,1.067006,-0.102356,0.585432,0.350223,1.398883,-0.601859,-0.092068,0.140706,-0.170107,-0.177975,-0.723271,0.495139,0.396136,-0.014456,-0.085886,0.524202,0.231867,1.124864,-0.550065,-0.067099,0.059115,-0.196842,-0.081585,-0.816608,0.519762,0.118778,-0.003080,-0.016470,0.061230,0.118356,0.274020,-0.051794,-0.024970,0.081591,0.026735,-0.096390,0.093337,-0.024623,0.277358,-0.011376,65.251389,82.958168,-8.564782,64.804474,-8.294363,-14.737989,14.101937,29.962395,-30.133497,41.916260,-65.494904,-30.537949,2.216929,-0.017223,1.216528,-0.134681,-0.056131,-0.618269,0.001377,0.499119,-0.439940,0.060146,-0.085554,0.211310,,0.206108,,,,
382,1,0,,0.829158,0.799032,-0.030126,-0.043975,-0.110875,2.880466,-0.120739,-0.115705,2.989669,0.601180,1.177923,-0.069853,0.594497,0.330318,1.391281,-0.597308,-0.160254,0.128694,-0.151688,-0.137422,-0.715608,0.499387,0.376822,0.012717,-0.076369,0.561770,0.218210,1.220722,-0.559558,-0.086105,0.059162,-0.214662,-0.016029,-0.882341,0.557843,0.107668,-0.003216,0.006516,0.032727,0.112108,0.170558,-0.037750,-0.074149,0.069532,0.062974,-0.121393,0.166732,-0.058456,0.269154,0.015934,48.853146,87.329407,-9.709447,29.761566,0.342062,-10.081718,47.712521,12.276082,-22.210224,70.127350,-64.815857,-21.436630,1.892012,-0.024281,1.141435,-0.134388,-0.046728,-0.496290,0.035538,0.545601,-0.394318,0.093362,-0.004116,0.244864,,0.193079,,,,
383,1,0,,0.823016,0.801756,-0.021260,-0.049592,-0.109562,2.938486,-0.124074,-0.109066,3.037184,0.445051,0.307633,-0.046017,0.606233,0.304020,1.376453,-0.594530,-0.230901,0.127897,-0.127859,-0.091766,-0.698185,0.491293,0.363297,0.025666,-0.066428,0.593846,0.199078,1.294007,-0.555623,-0.095168,0.063813,-0.220873,0.044186,-0.918528,0.582999,0.098304,-0.003287,0.020412,0.012386,0.104942,0.082446,-0.038907,-0.135733,0.064084,0.093013,-0.135952,0.220343,-0.091706,0.264993,0.028953,65.875977,62.793297,-0.125763,-4.209156,1.652683,-2.531825,62.145302,1.593301,-40.232960,82.499855,-68.025261,-16.385410,1.948850,-0.001440,1.092338,-0.110517,-0.047951,-0.434372,0.041970,0.537173,-0.374135,0.114408,0.001722,0.241613,,0.182190,,,,
384,1,0,,0.819715,0.804462,-0.015253,-0.051567,-0.105515,2.988963,-0.122654,-0.102283,3.087259,0.277372,0.164230,-0.030941,0.617346,0.282678,1.362090,-0.588056,-0.273511,0.132786,-0.104075,-0.044365,-0.680536,0.481123,0.352453,0.034790,-0.055266,0.613827,0.175578,1.334431,-0.548855,-0.095490,0.072028,-0.218051,0.096691,-0.931078,0.596805,0.091667,-0.003297,0.024324,0.003518,0.107099,0.027659,-0.039201,-0.178021,0.060758,0.113976,-0.141056,0.250542,-0.115682,0.260786,0.038087,57.091366,74.055809,5.465613,-31.331739,0.341467,2.405640,57.740650,57.264194,-36.194420,66.940819,-75.043007,-6.542452,1.970873,0.007803,1.012602,-0.087697,0.028574,-0.441513,0.058699,0.549189,-0.367328,0.126518,0.062648,0.192495,,0.165069,,,,
385,1,0,,0.818877,0.807157,-0.011720,-0.052851,-0.101130,3.037964,-0.118675,-0.095642,3.138626,0.151833,0.322142,-0.020253,0.628147,0.263817,1.347961,-0.579732,-0.302081,0.140521,-0.080313,0.003907,-0.662774,0.469916,0.342951,0.041997,-0.043578,0.622478,0.152755,1.344361,-0.542073,-0.092190,0.080757,-0.204373,0.146903,-0.924038,0.602076,0.088105,-0.003245,0.023325,0.005669,0.111061,0.003599,-0.037659,-0.209891,0.059764,0.124060,-0.142996,0.261263,-0.132160,0.254846,0.045242,57.081322,81.453529,4.558802,-44.021839,0.085253,3.057866,40.352341,80.886803,-40.539978,59.053471,-74.726105,3.913012,1.883319,0.019156,0.923213,-0.079821,0.088696,-0.435213,0.086730,0.541903,-0.361462,0.126489,0.107255,0.159406,,0.141846,,,,
386,1,0,,0.819573,0.809620,-0.009953,-0.053661,-0.096877,3.082478,-0.112180,-0.090221,-3.100109,0.100936,0.298436,0.003660,0.634828,0.226967,1.325835,-0.555611,-0.276939,0.150945,-0.061997,0.053925,-0.650861,0.457598,0.335326,0.050320,-0.027813,0.623514,0.122419,1.332220,-0.533103,-0.081511,0.088143,-0.184569,0.191946,-0.905307,0.601870,0.085914,-0.003203,0.031472,0.011315,0.104547,-0.006385,-0.022508,-0.195428,0.062801,0.122571,-0.138021,0.254446,-0.144272,0.249412,0.053523,83.033600,71.970604,8.761778,-22.669798,2.468511,9.540597,59.287613,69.407249,-43.084236,52.446873,-80.813133,-4.028221,1.894046,0.064464,0.908020,-0.040286,0.104185,-0.408558,0.067858,0.526472,-0.343065,0.142414,0.132942,0.151446,,0.109808,,,,
387,1,0,,0.821059,0.811601,-0.009458,-0.055049,-0.091592,3.123303,-0.106326,-0.085326,-3.057510,0.140251,0.321573,0.036954,0.638127,0.179879,1.298243,-0.529410,-0.249969,0.160661,-0.044949,0.101981,-0.640764,0.447005,0.329541,0.058516,-0.006748,0.623340,0.082462,1.311314,-0.521209,-0.071555,0.093644,-0.162530,0.233044,-0.880157,0.598362,0.087138,-0.003226,0.043702,0.014787,0.097418,-0.013071,-0.008201,-0.178414,0.067017,0.117581,-0.131062,0.239393,-0.151357,0.242403,0.061742,69.906296,57.971741,-0.903236,-17.164587,2.170475,3.368665,37.647301,80.388893,-34.510059,56.945068,-77.808456,11.974070,1.838538,0.086499,0.881118,-0.050632,0.138254,-0.353062,0.110549,0.502916,-0.327152,0.129373,0.202024,0.142151,,0.048828,,,,
388,1,0,,0.823183,0.812615,-0.010568,-0.055517,-0.086424,-3.120893,-0.102037,-0.081107,-3.018630,0.213443,0.144718,0.089032,0.634654,0.112296,1.259707,-0.499048,-0.219371,0.168960,-0.030434,0.146110,-0.634297,0.439864,0.327444,0.066458,0.017844,0.620447,0.029114,1.283384,-0.502689,-0.055370,0.098559,-0.135674,0.272221,-0.847263,0.591738,0.088755,-0.003271,0.071187,0.014207,0.083182,-0.023677,0.003641,-0.164002,0.070401,0.105239,-0.126111,0.212966,-0.151873,0.238689,0.069730,74.000664,37.150475,5.200401,-22.773529,6.155935,13.036769,69.411102,67.421188,-32.649769,59.798744,-72.741295,-10.042546,1.864085,0.123314,0.824702,0.004223,0.163513,-0.294455,0.065769,0.474076,-0.288574,0.153066,0.244510,0.159797,,-0.006418,,,,
389,1,0,,0.825714,0.812926,-0.012788,-0.055978,-0.080694,-3.080858,-0.098979,-0.077435,-2.980033,0.272654,0.261294,0.148115,0.624552,0.032670,1.213487,-0.465201,-0.167133,0.175085,-0.013440,0.183724,-0.624890,0.435578,0.328509,0.072016,0.044491,0.614215,-0.032738,1.246560,-0.478029,-0.031881,0.102517,-0.104442,0.312883,-0.807770,0.582502,0.093987,-0.003329,0.103624,0.010337,0.065408,-0.033073,0.012828,-0.135252,0.072569,0.091003,-0.129159,0.182880,-0.146924,0.234523,0.075344,63.680126,23.032982,3.008949,-31.688164,5.714042,14.498779,29.322710,57.386005,-13.293679,54.820030,-69.641281,2.641982,1.911186,0.147210,0.749073,0.037695,0.196454,-0.247472,0.103494,0.445456,-0.257731,0.129079,0.323236,0.166498,,-0.077049,,,,
390,1,0,,0.828196,0.812885,-0.015311,-0.057449,-0.074128,-3.040826,-0.096481,-0.074058,-2.941578,0.313559,0.192326,0.210709,0.611131,-0.052993,1.163417,-0.429606,-0.104056,0.180123,0.004797,0.218078,-0.614010,0.432721,0.331159,0.076378,0.076316,0.601504,-0.108702,1.197463,-0.458616,0.000455,0.104090,-0.070056,0.355902,-0.763554,0.571645,0.100852,-0.003407,0.134393,0.009627,0.055710,-0.034045,0.029010,-0.104511,0.076032,0.074853,-0.137824,0.149544,-0.138924,0.230308,0.079785,82.545647,2.829215,10.098360,-43.682213,0.984146,26.752302,60.541397,47.589897,-8.613730,59.466637,-73.464066,-9.036179,1.924674,0.211712,0.639222,0.120075,0.221603,-0.187095,0.087982,0.397390,-0.260269,0.146547,0.374484,0.173369,,-0.155780,,,,
